"year","mgmt_area","species_code","species","cpue","cpue_var","rpn","rpn_var","rpw","rpw_var"
1995,"GOA",150,"shark unident.",0,0,0,0,0,0
1995,"GOA",222,"Sixgill shark",0,0,0,0,0,0
1995,"GOA",232,"Salmon shark",0,0,0,0,0,0
1995,"GOA",310,"Spiny dogfish",0.585270063653903,0.130001313757038,29731.8734492553,335490070.617898,0,0
1995,"GOA",320,"Pacific sleeper shark",0.000837330097527218,1.48116483894718e-07,42.6006560549253,383.391574470705,0,0
1995,"GOA",351,"Blue shark",9.2818066843286e-05,0,8.58387360643255,0,0,0
1996,"BSAI",150,"shark unident.",NA,NA,0,0,0,0
1996,"BSAI",222,"Sixgill shark",NA,NA,0,0,0,0
1996,"BSAI",232,"Salmon shark",NA,NA,0,0,0,0
1996,"BSAI",310,"Spiny dogfish",NA,NA,42.2554827167918,777.704394948795,0,0
1996,"BSAI",320,"Pacific sleeper shark",NA,NA,0,0,0,0
1996,"BSAI",351,"Blue shark",NA,NA,0,0,0,0
1998,"GOA",150,"shark unident.",0,0,0,0,0,0
1998,"GOA",222,"Sixgill shark",0,0,0,0,0,0
1998,"GOA",232,"Salmon shark",1.17773980980338e-05,0,1.86742424242424,0,0,0
1998,"GOA",310,"Spiny dogfish",1.31524024218768,0.111065357245338,77430.0977371192,384935580.59009,0,0
1998,"GOA",320,"Pacific sleeper shark",0.00179436714174947,9.18386380573671e-07,85.6128043018093,2090.64485787071,0,0
1998,"GOA",351,"Blue shark",0.000151948058974347,0,7.39084823906252,0,0,0
1992,"GOA",150,"shark unident.",0,0,0,0,0,0
1992,"GOA",222,"Sixgill shark",0,0,0,0,0,0
1992,"GOA",232,"Salmon shark",1.55445620588525e-05,0,1.61228197674419,0,0,0
1992,"GOA",310,"Spiny dogfish",0.795468474631661,0.105722731344216,37022.611946153,229011103.347549,0,0
1992,"GOA",320,"Pacific sleeper shark",9.46019677209286e-06,8.94953229667162e-11,0.728813559322034,0.531169204251652,0,0
1992,"GOA",351,"Blue shark",0.000297996697838842,0,16.1963775046268,0,0,0
2000,"GOA",150,"shark unident.",0,0,0,0,0,0
2000,"GOA",222,"Sixgill shark",0,0,0,0,0,0
2000,"GOA",232,"Salmon shark",0,0,0,0,0,0
2000,"GOA",310,"Spiny dogfish",0.172141037133849,0.00295789230717797,8061.01968376282,6486247.11753517,0,0
2000,"GOA",320,"Pacific sleeper shark",0.00217045543649964,5.72225311756729e-07,100.302358882926,1222.04616131938,0,0
2000,"GOA",351,"Blue shark",0,0,0,0,0,0
2004,"GOA",150,"shark unident.",0,0,0,0,0,0
2004,"GOA",222,"Sixgill shark",0,0,0,0,0,0
2004,"GOA",232,"Salmon shark",0,0,0,0,0,0
2004,"GOA",310,"Spiny dogfish",0.234963663963747,0.00838021159409697,14794.8065754785,33225548.2563944,0,0
2004,"GOA",320,"Pacific sleeper shark",0.000283239540517124,1.64868362233854e-08,13.3742857057829,36.7595980910334,0,0
2004,"GOA",351,"Blue shark",0,0,0,0,0,0
1996,"GOA",150,"shark unident.",0,0,0,0,0,0
1996,"GOA",222,"Sixgill shark",0,0,0,0,0,0
1996,"GOA",232,"Salmon shark",0.000117250758540758,0,12.1612486758475,0,0,0
1996,"GOA",310,"Spiny dogfish",0.348098621450912,0.0288801501927129,16188.8017286383,62463202.8003459,0,0
1996,"GOA",320,"Pacific sleeper shark",0.000169184780554076,1.29045454426576e-08,9.19198448610213,38.092431205907,0,0
1996,"GOA",351,"Blue shark",0.000116703770248431,0,12.1045150501672,0,0,0
2001,"BSAI",150,"shark unident.",NA,NA,0,0,0,0
2001,"BSAI",222,"Sixgill shark",NA,NA,0,0,0,0
2001,"BSAI",232,"Salmon shark",NA,NA,0,0,0,0
2001,"BSAI",310,"Spiny dogfish",0.000868458952089727,3.14971180924876e-07,85.9507580851162,3085.11707407586,0,0
2001,"BSAI",320,"Pacific sleeper shark",0.000744462626722187,1.88299629057987e-07,33.8002920356395,388.15444960573,0,0
2001,"BSAI",351,"Blue shark",NA,NA,0,0,0,0
2008,"GOA",150,"shark unident.",0,0,0,0,0,0
2008,"GOA",222,"Sixgill shark",0,0,0,0,0,0
2008,"GOA",232,"Salmon shark",0,0,0,0,0,0
2008,"GOA",310,"Spiny dogfish",0.868197776628595,0.0940431956203803,43168.5157924641,232500704.827533,0,0
2008,"GOA",320,"Pacific sleeper shark",8.21537927582419e-05,5.19616624278574e-09,13.0263053797468,130.63823718096,0,0
2008,"GOA",351,"Blue shark",0,0,0,0,0,0
1997,"BSAI",150,"shark unident.",NA,NA,0,0,0,0
1997,"BSAI",222,"Sixgill shark",NA,NA,0,0,0,0
1997,"BSAI",232,"Salmon shark",0,0,0,0,0,0
1997,"BSAI",310,"Spiny dogfish",0.000543803358213742,1.88769377658614e-07,47.5583952780123,1443.78377821962,0,0
1997,"BSAI",320,"Pacific sleeper shark",0.00808548054984023,5.87851659582776e-06,514.786037641061,23829.2071965595,0,0
1997,"BSAI",351,"Blue shark",0,0,0,0,0,0
2005,"BSAI",150,"shark unident.",NA,NA,0,0,0,0
2005,"BSAI",222,"Sixgill shark",NA,NA,0,0,0,0
2005,"BSAI",232,"Salmon shark",NA,NA,0,0,0,0
2005,"BSAI",310,"Spiny dogfish",0.00142538381864175,9.54207992890183e-07,80.8113582206059,3067.07371352761,0,0
2005,"BSAI",320,"Pacific sleeper shark",0.000729550553213566,2.8986282687592e-07,43.4203694628223,1026.75959539568,0,0
2005,"BSAI",351,"Blue shark",NA,NA,0,0,0,0
1997,"GOA",150,"shark unident.",0,0,0,0,0,0
1997,"GOA",222,"Sixgill shark",0,0,0,0,0,0
2001,"GOA",150,"shark unident.",0,0,0,0,0,0
2001,"GOA",222,"Sixgill shark",0,0,0,0,0,0
2001,"GOA",232,"Salmon shark",0,0,0,0,0,0
2001,"GOA",310,"Spiny dogfish",0.133585585958134,0.00412674725685913,6651.39323513388,10230901.9020362,0,0
2001,"GOA",320,"Pacific sleeper shark",0.00581690048816983,1.92767075584326e-05,277.901111228457,43997.7185400032,0,0
2001,"GOA",351,"Blue shark",0,0,0,0,0,0
2009,"BSAI",150,"shark unident.",NA,NA,0,0,0,0
2009,"BSAI",222,"Sixgill shark",NA,NA,0,0,0,0
2009,"BSAI",232,"Salmon shark",NA,NA,0,0,0,0
2009,"BSAI",310,"Spiny dogfish",0.000931485736857419,3.38266676736034e-07,95.2465244257175,3536.75578398653,0,0
2009,"BSAI",320,"Pacific sleeper shark",0.000347968530908703,1.21082098502761e-07,41.9817073170732,1762.4637492564,0,0
2009,"BSAI",351,"Blue shark",NA,NA,0,0,0,0
1997,"GOA",232,"Salmon shark",0,0,0,0,0,0
1997,"GOA",310,"Spiny dogfish",0.393785178834812,0.0268993610269051,18220.438678884,57589179.2526477,0,0
1997,"GOA",320,"Pacific sleeper shark",0.00129633733693584,1.26128879245179e-06,102.103941201078,7824.62421930214,0,0
1997,"GOA",351,"Blue shark",0.00121620614325514,0,70.6396538021118,0,0,0
2005,"GOA",150,"shark unident.",0,0,0,0,0,0
2005,"GOA",222,"Sixgill shark",0,0,0,0,0,0
2005,"GOA",232,"Salmon shark",0,0,0,0,0,0
2005,"GOA",310,"Spiny dogfish",0.215198251765667,0.00450590799897257,10866.6304603544,11489328.2930341,0,0
2005,"GOA",320,"Pacific sleeper shark",0.000339517749606762,4.51569172944837e-08,11.292105977646,49.9515777248549,0,0
2005,"GOA",351,"Blue shark",0,0,0,0,0,0
2002,"BSAI",150,"shark unident.",NA,NA,0,0,0,0
2002,"BSAI",222,"Sixgill shark",NA,NA,0,0,0,0
2002,"BSAI",232,"Salmon shark",NA,NA,0,0,0,0
2002,"BSAI",310,"Spiny dogfish",0.000440731857570587,1.0164099979262e-07,53.8393428852653,1516.76934199884,0,0
2002,"BSAI",320,"Pacific sleeper shark",0.000609221104350791,1.48634701896279e-07,31.1199938666924,387.837092861957,0,0
2002,"BSAI",351,"Blue shark",NA,NA,0,0,0,0
2010,"BSAI",150,"shark unident.",NA,NA,0,0,0,0
2010,"BSAI",222,"Sixgill shark",NA,NA,0,0,0,0
2010,"BSAI",232,"Salmon shark",NA,NA,0,0,0,0
2010,"BSAI",310,"Spiny dogfish",0.000142418949657817,1.71146596680157e-08,15.1852740216585,194.57093995247,0,0
2010,"BSAI",320,"Pacific sleeper shark",0.000195371450567896,1.52859536841287e-08,21.3652084221489,182.803541407957,0,0
2010,"BSAI",351,"Blue shark",NA,NA,0,0,0,0
1998,"BSAI",150,"shark unident.",NA,NA,0,0,0,0
1998,"BSAI",222,"Sixgill shark",NA,NA,0,0,0,0
1998,"BSAI",232,"Salmon shark",NA,NA,0,0,0,0
1998,"BSAI",310,"Spiny dogfish",0.000390857679583977,1.27906466965328e-07,34.5440017216319,999.080534383969,0,0
1998,"BSAI",320,"Pacific sleeper shark",0.0111917787218728,5.01612750364623e-05,431.641284160367,74613.3070056815,0,0
1998,"BSAI",351,"Blue shark",0,0,0,0,0,0
2006,"BSAI",150,"shark unident.",NA,NA,0,0,0,0
2006,"BSAI",222,"Sixgill shark",NA,NA,0,0,0,0
2006,"BSAI",232,"Salmon shark",NA,NA,0,0,0,0
2006,"BSAI",310,"Spiny dogfish",0.00431339632190879,1.2139462332659e-05,243.669572457558,38740.331007537,0,0
2006,"BSAI",320,"Pacific sleeper shark",0.000873945253638145,3.05871345480999e-07,105.449145112763,4453.03864167047,0,0
2006,"BSAI",351,"Blue shark",NA,NA,0,0,0,0
2010,"GOA",150,"shark unident.",0,0,0,0,0,0
2010,"GOA",222,"Sixgill shark",0,0,0,0,0,0
2010,"GOA",232,"Salmon shark",0,0,0,0,0,0
2010,"GOA",310,"Spiny dogfish",0.209807424959908,0.0029515952274054,9676.39198556718,6278299.05282913,19496.8512795894,23302511.1965931
2010,"GOA",320,"Pacific sleeper shark",0.00019194933220047,1.89501316020854e-08,11.4553631068752,67.4926901720334,0,0
2010,"GOA",351,"Blue shark",0,0,0,0,0,0
2002,"GOA",150,"shark unident.",0,0,0,0,0,0
2002,"GOA",222,"Sixgill shark",0,0,0,0,0,0
2002,"GOA",232,"Salmon shark",0,0,0,0,0,0
2002,"GOA",310,"Spiny dogfish",0.230767494987131,0.00629294157126816,11997.7297385913,17009932.000273,0,0
2002,"GOA",320,"Pacific sleeper shark",0.00476018326790221,5.2915103632549e-06,255.864087442135,15288.0104556861,0,0
2002,"GOA",351,"Blue shark",0,0,0,0,0,0
2009,"GOA",150,"shark unident.",0,0,0,0,0,0
2009,"GOA",222,"Sixgill shark",0,0,0,0,0,0
2009,"GOA",232,"Salmon shark",0,0,0,0,0,0
2009,"GOA",310,"Spiny dogfish",0.467051087436872,0.0120971867332041,24373.7447819543,32945805.3310407,0,0
2009,"GOA",320,"Pacific sleeper shark",0.000341873528299839,4.15523917929665e-08,22.5092913516854,180.131109517268,0,0
2009,"GOA",351,"Blue shark",0,0,0,0,0,0
2006,"GOA",150,"shark unident.",0,0,0,0,0,0
2006,"GOA",222,"Sixgill shark",0,0,0,0,0,0
2006,"GOA",232,"Salmon shark",0,0,0,0,0,0
2006,"GOA",310,"Spiny dogfish",0.651149908630182,0.0401825983597224,31852.4868806216,96152978.0070723,0,0
2006,"GOA",320,"Pacific sleeper shark",0.000406716058932071,3.30763335972568e-08,27.4236017932792,150.37779429432,0,0
2006,"GOA",351,"Blue shark",4.0702426332006e-05,0,4.22165565915566,0,0,0
1999,"BSAI",150,"shark unident.",NA,NA,0,0,0,0
1999,"BSAI",222,"Sixgill shark",NA,NA,0,0,0,0
1999,"BSAI",232,"Salmon shark",0,0,0,0,0,0
1999,"BSAI",310,"Spiny dogfish",0.0001009276266944,6.50231336494182e-09,7.85808969231523,39.4168338480612,0,0
1999,"BSAI",320,"Pacific sleeper shark",0.00210659697789318,1.76874317843956e-06,160.808400155822,10306.6926839002,0,0
1999,"BSAI",351,"Blue shark",0,0,0,0,0,0
2003,"BSAI",150,"shark unident.",NA,NA,0,0,0,0
2003,"BSAI",222,"Sixgill shark",NA,NA,0,0,0,0
2003,"BSAI",232,"Salmon shark",NA,NA,0,0,0,0
2003,"BSAI",310,"Spiny dogfish",0.000209635516281763,2.80528828666136e-08,17.0056955857063,184.602073510401,0,0
2003,"BSAI",320,"Pacific sleeper shark",0.00394374955584565,6.78726212717805e-06,197.317769810477,16990.5862108847,0,0
2003,"BSAI",351,"Blue shark",NA,NA,0,0,0,0
2007,"BSAI",150,"shark unident.",NA,NA,0,0,0,0
2007,"BSAI",222,"Sixgill shark",NA,NA,0,0,0,0
2007,"BSAI",232,"Salmon shark",NA,NA,0,0,0,0
2007,"BSAI",310,"Spiny dogfish",0.000221267162908626,3.12522801204112e-08,18.5376170125957,219.359064026855,0,0
2007,"BSAI",320,"Pacific sleeper shark",0.00735177707708529,1.94100663180306e-05,344.420078662786,42600.9498950328,0,0
2007,"BSAI",351,"Blue shark",0,0,0,0,0,0
1999,"GOA",150,"shark unident.",0,0,0,0,0,0
1999,"GOA",222,"Sixgill shark",0,0,0,0,0,0
1999,"GOA",232,"Salmon shark",0,0,0,0,0,0
1999,"GOA",310,"Spiny dogfish",0.339622535543529,0.0141218173686132,17613.8438680657,37984452.8880905,0,0
1999,"GOA",320,"Pacific sleeper shark",0.000342528131100663,4.29467456211678e-08,13.3836452878044,65.5671951281249,0,0
1999,"GOA",351,"Blue shark",0,0,0,0,0,0
2003,"GOA",150,"shark unident.",0,0,0,0,0,0
2003,"GOA",222,"Sixgill shark",0,0,0,0,0,0
2003,"GOA",232,"Salmon shark",0,0,0,0,0,0
2003,"GOA",310,"Spiny dogfish",0.312158565634768,0.0128002309916157,14896.1911472725,29148604.4632371,0,0
2003,"GOA",320,"Pacific sleeper shark",0.00334393610698555,2.10622736736476e-06,130.384526464357,3202.14812865671,0,0
2003,"GOA",351,"Blue shark",0.000203287172345942,0,6.39148225677831,0,0,0
2007,"GOA",150,"shark unident.",0,0,0,0,0,0
2007,"GOA",222,"Sixgill shark",0,0,0,0,0,0
2007,"GOA",232,"Salmon shark",0,0,0,0,0,0
2007,"GOA",310,"Spiny dogfish",0.420111450238418,0.00911216335433292,19480.9360571309,19593503.6197961,0,0
2007,"GOA",320,"Pacific sleeper shark",8.173395408631e-05,2.38527856612871e-09,4.83822148224044,8.35806179049479,0,0
2007,"GOA",351,"Blue shark",0,0,0,0,0,0
1994,"GOA",150,"shark unident.",0,0,0,0,0,0
1994,"GOA",222,"Sixgill shark",0,0,0,0,0,0
1994,"GOA",232,"Salmon shark",0,0,0,0,0,0
1994,"GOA",310,"Spiny dogfish",0.323688101426523,0.00921379898664225,15983.4654930851,22466072.6091068,0,0
1994,"GOA",320,"Pacific sleeper shark",0.000505342516275558,5.13772285540065e-08,22.2023437496327,99.1737284882206,0,0
1994,"GOA",351,"Blue shark",0.00352054563379072,0,151.858250543084,0,0,0
2000,"BSAI",150,"shark unident.",NA,NA,0,0,0,0
2000,"BSAI",222,"Sixgill shark",NA,NA,0,0,0,0
2000,"BSAI",232,"Salmon shark",NA,NA,0,0,0,0
2000,"BSAI",310,"Spiny dogfish",0.000905953773895248,6.22269581286882e-07,77.1953191827543,4518.02291452081,0,0
2000,"BSAI",320,"Pacific sleeper shark",0.0133486112468767,7.1357973472226e-05,1205.16208528899,581649.36425033,0,0
2004,"BSAI",150,"shark unident.",NA,NA,0,0,0,0
2004,"BSAI",222,"Sixgill shark",NA,NA,0,0,0,0
2004,"BSAI",232,"Salmon shark",NA,NA,0,0,0,0
2004,"BSAI",310,"Spiny dogfish",0.00012358994303424,1.27885547855064e-08,10.9228791653661,99.8917134703273,0,0
2004,"BSAI",320,"Pacific sleeper shark",0.000334045201933986,4.46869602549229e-08,20.2400108343733,164.055886756133,0,0
2004,"BSAI",351,"Blue shark",0,0,0,0,0,0
2000,"BSAI",351,"Blue shark",NA,NA,0,0,0,0
2008,"BSAI",150,"shark unident.",NA,NA,0,0,0,0
2008,"BSAI",222,"Sixgill shark",NA,NA,0,0,0,0
2008,"BSAI",232,"Salmon shark",NA,NA,0,0,0,0
2008,"BSAI",310,"Spiny dogfish",0.00114219231650235,1.78740548000489e-07,100.946956932478,1396.14678170119,0,0
2008,"BSAI",320,"Pacific sleeper shark",0.00738954057891127,2.18678060839257e-05,927.307925039493,344364.425307952,0,0
2008,"BSAI",351,"Blue shark",NA,NA,0,0,0,0
2015,"GOA",150,"shark unident.",0,0,0,0,0,0
2015,"GOA",222,"Sixgill shark",0,0,0,0,0,0
2015,"GOA",232,"Salmon shark",0,0,0,0,0,0
2015,"GOA",310,"Spiny dogfish",0.0681531174365731,0.00230145459887534,6418.19035070415,20410617.6170343,18280.3005235031,195897076.240554
2015,"GOA",320,"Pacific sleeper shark",1.49482360475045e-05,2.23449760931912e-10,2.37019230769231,5.61781157544379,0,0
2015,"GOA",351,"Blue shark",0.000178474495314688,0,9.2474376114082,0,0,0
2019,"GOA",150,"shark unident.",0,0,0,0,0,0
2019,"GOA",222,"Sixgill shark",0,0,0,0,0,0
2019,"GOA",232,"Salmon shark",0,0,0,0,0,0
2019,"GOA",310,"Spiny dogfish",0.32388491532471,0.0163273927251544,30889.3881603489,148509422.109658,40444.3491754092,319067355.354113
2019,"GOA",320,"Pacific sleeper shark",0.00195393401465055,3.42698356318683e-06,90.8703074556094,7412.0139804006,0,0
2019,"GOA",351,"Blue shark",0,0,0,0,0,0
1993,"GOA",150,"shark unident.",0,0,0,0,0,0
1993,"GOA",222,"Sixgill shark",0,0,0,0,0,0
1993,"GOA",232,"Salmon shark",0,0,0,0,0,0
1993,"GOA",310,"Spiny dogfish",0.228746057085635,0.00730409332789453,11880.4319487059,19702600.0757061,0,0
2012,"BSAI",150,"shark unident.",NA,NA,0,0,0,0
2012,"BSAI",222,"Sixgill shark",NA,NA,0,0,0,0
2012,"BSAI",232,"Salmon shark",NA,NA,0,0,0,0
2012,"BSAI",310,"Spiny dogfish",0,0,0,0,0,0
2012,"BSAI",320,"Pacific sleeper shark",0.000775751422931192,2.40999143477927e-07,28.5272860437486,325.905170771264,0,0
2012,"BSAI",351,"Blue shark",NA,NA,0,0,0,0
2016,"BSAI",150,"shark unident.",NA,NA,0,0,0,0
2016,"BSAI",222,"Sixgill shark",NA,NA,0,0,0,0
2016,"BSAI",232,"Salmon shark",NA,NA,0,0,0,0
2016,"BSAI",310,"Spiny dogfish",0,0,0,0,0,0
2016,"BSAI",320,"Pacific sleeper shark",0,0,0,0,0,0
2016,"BSAI",351,"Blue shark",0,0,0,0,0,0
1993,"GOA",320,"Pacific sleeper shark",0.000396990111629339,4.19047111130484e-08,18.5296906569478,91.2934901528495,0,0
1993,"GOA",351,"Blue shark",0.000290535721664924,0,17.9035219297691,0,0,0
2020,"BSAI",150,"shark unident.",NA,NA,0,0,0,0
2020,"BSAI",222,"Sixgill shark",NA,NA,0,0,0,0
2020,"BSAI",232,"Salmon shark",NA,NA,0,0,0,0
2020,"BSAI",310,"Spiny dogfish",0,0,0,0,0,0
2020,"BSAI",320,"Pacific sleeper shark",2.39856908334034e-05,2.3039592862824e-10,3.49732872747382,4.89827594867107,0,0
2020,"BSAI",351,"Blue shark",NA,NA,0,0,0,0
2012,"GOA",150,"shark unident.",0,0,0,0,0,0
2012,"GOA",222,"Sixgill shark",0,0,0,0,0,0
2012,"GOA",232,"Salmon shark",0,0,0,0,0,0
2012,"GOA",310,"Spiny dogfish",0.397652148417502,0.0132064884980406,18943.5920895908,29971284.6340865,42274.341082576,123670573.972153
2012,"GOA",320,"Pacific sleeper shark",0.000309968342597901,9.60803734128898e-08,14.2114285714286,201.964702040816,0,0
2012,"GOA",351,"Blue shark",0,0,0,0,0,0
2016,"GOA",150,"shark unident.",0,0,0,0,0,0
2016,"GOA",222,"Sixgill shark",0,0,0,0,0,0
2016,"GOA",232,"Salmon shark",0,0,0,0,0,0
2016,"GOA",310,"Spiny dogfish",0.107171831958387,0.00149518136118129,5875.40761613281,4493746.49909735,12015.4343998372,18248922.8644816
2016,"GOA",320,"Pacific sleeper shark",0,0,0,0,0,0
2016,"GOA",351,"Blue shark",0,0,0,0,0,0
2020,"GOA",150,"shark unident.",0,0,0,0,0,0
2020,"GOA",222,"Sixgill shark",0,0,0,0,0,0
2020,"GOA",232,"Salmon shark",0,0,0,0,0,0
2020,"GOA",310,"Spiny dogfish",0.135431483864011,0.00105732130950086,6517.4389268134,2448621.46256676,13819.8570597231,15361025.5538823
2020,"GOA",320,"Pacific sleeper shark",2.89828148956384e-05,8.40003559274836e-10,3.00609756097561,9.03662254610351,0,0
2020,"GOA",351,"Blue shark",0.00135828916761059,0,92.4352923079194,0,0,0
2013,"BSAI",150,"shark unident.",NA,NA,0,0,0,0
2013,"BSAI",222,"Sixgill shark",NA,NA,0,0,0,0
2013,"BSAI",232,"Salmon shark",NA,NA,0,0,0,0
2013,"BSAI",310,"Spiny dogfish",0,0,0,0,0,0
2013,"BSAI",320,"Pacific sleeper shark",0.000750711498014933,2.65211675028085e-07,88.4908008658009,3685.04465017756,0,0
2013,"BSAI",351,"Blue shark",NA,NA,0,0,0,0
2017,"BSAI",150,"shark unident.",NA,NA,0,0,0,0
2017,"BSAI",222,"Sixgill shark",NA,NA,0,0,0,0
2017,"BSAI",232,"Salmon shark",NA,NA,0,0,0,0
2017,"BSAI",310,"Spiny dogfish",0,0,0,0,0,0
2017,"BSAI",320,"Pacific sleeper shark",NA,NA,0,0,0,0
2017,"BSAI",351,"Blue shark",NA,NA,0,0,0,0
2013,"GOA",150,"shark unident.",0,0,0,0,0,0
2013,"GOA",222,"Sixgill shark",0,0,0,0,0,0
2013,"GOA",232,"Salmon shark",0,0,0,0,0,0
2013,"GOA",310,"Spiny dogfish",0.161206689479065,0.0018153703399821,8114.71699597293,4599873.33779433,16883.7379013903,19778360.376373
2013,"GOA",320,"Pacific sleeper shark",3.04691130954147e-05,9.2836685282117e-10,3.16025641025641,9.98722057856673,0,0
2013,"GOA",351,"Blue shark",0,0,0,0,0,0
2017,"GOA",150,"shark unident.",0,0,0,0,0,0
2017,"GOA",222,"Sixgill shark",0,0,0,0,0,0
2021,"BSAI",150,"shark unident.",NA,NA,0,0,0,0
2021,"BSAI",222,"Sixgill shark",NA,NA,0,0,0,0
2021,"BSAI",232,"Salmon shark",NA,NA,0,0,0,0
2021,"BSAI",310,"Spiny dogfish",0,0,0,0,0,0
2021,"BSAI",320,"Pacific sleeper shark",0,0,0,0,0,0
2021,"BSAI",351,"Blue shark",0,0,0,0,0,0
2017,"GOA",232,"Salmon shark",0,0,0,0,0,0
2017,"GOA",310,"Spiny dogfish",0.483551478897223,0.0672976532114183,28123.8725214569,227648466.720141,31822.4398824246,71762633.3249783
2017,"GOA",320,"Pacific sleeper shark",0.000916463580031374,5.90586011944993e-07,46.0837472035085,1493.30426619975,0,0
2017,"GOA",351,"Blue shark",4.34053529225627e-05,0,4.50200320512821,0,0,0
2014,"BSAI",150,"shark unident.",NA,NA,0,0,0,0
2014,"BSAI",222,"Sixgill shark",NA,NA,0,0,0,0
2014,"BSAI",232,"Salmon shark",NA,NA,0,0,0,0
2014,"BSAI",310,"Spiny dogfish",0.00012101515255436,1.22612489241249e-08,10.6953191827543,95.7729145208129,26.2522681919508,577.017345978168
2014,"BSAI",320,"Pacific sleeper shark",0.0222135079851642,0.000197608050626931,1145.07127414182,525091.970254623,0,0
2014,"BSAI",351,"Blue shark",NA,NA,0,0,0,0
2021,"GOA",150,"shark unident.",0,0,0,0,0,0
2021,"GOA",222,"Sixgill shark",0,0,0,0,0,0
2021,"GOA",232,"Salmon shark",0,0,0,0,0,0
2021,"GOA",310,"Spiny dogfish",0.0865049290164073,0.000508012750714226,4699.90612617639,1499585.6363214,9664.9925095451,6114003.48572808
2021,"GOA",320,"Pacific sleeper shark",0.000517900387578454,2.68220811453913e-07,23.744696969697,563.810634182736,0,0
2021,"GOA",351,"Blue shark",0.000184113816628156,0,16.0068181818182,0,0,0
2018,"BSAI",150,"shark unident.",NA,NA,0,0,0,0
2018,"BSAI",222,"Sixgill shark",NA,NA,0,0,0,0
2018,"BSAI",232,"Salmon shark",NA,NA,0,0,0,0
2018,"BSAI",310,"Spiny dogfish",0.000105613224047442,9.3388157094822e-09,9.33409674131289,72.9457173738688,21.8543783445168,399.882242458401
2018,"BSAI",320,"Pacific sleeper shark",0,0,0,0,0,0
2018,"BSAI",351,"Blue shark",0,0,0,0,0,0
2014,"GOA",150,"shark unident.",0,0,0,0,0,0
2014,"GOA",222,"Sixgill shark",0,0,0,0,0,0
2014,"GOA",232,"Salmon shark",0,0,0,0,0,0
2014,"GOA",310,"Spiny dogfish",0.264450737090758,0.0268891610216622,32003.6391431309,393809707.984621,104700.965857496,4219104194.89669
2014,"GOA",320,"Pacific sleeper shark",0.000901579220293761,5.02750453471692e-07,40.8937290532049,1034.32760202196,0,0
2014,"GOA",351,"Blue shark",0.000201392492078107,0,10.8413149350649,0,0,0
2022,"BSAI",150,"shark unident.",NA,NA,0,0,0,0
2022,"BSAI",222,"Sixgill shark",NA,NA,0,0,0,0
2022,"BSAI",232,"Salmon shark",NA,NA,0,0,0,0
2022,"BSAI",310,"Spiny dogfish",0.000130565798959749,1.42729605510366e-08,11.5394053120626,111.486443124384,38.6962811535027,1253.70010962492
2022,"BSAI",320,"Pacific sleeper shark",0,0,0,0,0,0
2022,"BSAI",351,"Blue shark",0,0,0,0,0,0
2011,"BSAI",150,"shark unident.",NA,NA,0,0,0,0
2011,"BSAI",222,"Sixgill shark",NA,NA,0,0,0,0
2011,"BSAI",232,"Salmon shark",NA,NA,0,0,0,0
2011,"BSAI",310,"Spiny dogfish",0,0,0,0,0,0
2011,"BSAI",320,"Pacific sleeper shark",0.000859056258321335,2.62359226910796e-08,30.6511272969052,33.3999667073202,0,0
2011,"BSAI",351,"Blue shark",NA,NA,0,0,0,0
2018,"GOA",150,"shark unident.",0,0,0,0,0,0
2018,"GOA",222,"Sixgill shark",0,0,0,0,0,0
2018,"GOA",232,"Salmon shark",0,0,0,0,0,0
2018,"GOA",310,"Spiny dogfish",0.241398484908094,0.0148524987211123,16330.1164397404,67968706.7316422,44444.3867079018,566388174.655244
2018,"GOA",320,"Pacific sleeper shark",1.37418518901734e-05,1.88838493371461e-10,1.42530487804878,2.03149399538965,0,0
2018,"GOA",351,"Blue shark",6.29874060143053e-05,0,6.53305375180375,0,0,0
2022,"GOA",150,"shark unident.",0,0,0,0,0,0
2022,"GOA",222,"Sixgill shark",0,0,0,0,0,0
2022,"GOA",232,"Salmon shark",0,0,0,0,0,0
2022,"GOA",310,"Spiny dogfish",0.240124362290721,0.00882531810024794,13697.1937519,28715813.0464702,39881.1923414276,267253033.547841
2022,"GOA",320,"Pacific sleeper shark",0.000461572594989901,1.78172861832333e-07,21.0259920634921,369.721338852671,0,0
2022,"GOA",351,"Blue shark",2.29965684692697e-05,0,2.38520408163265,0,0,0
2011,"GOA",150,"shark unident.",0,0,0,0,0,0
2011,"GOA",222,"Sixgill shark",0,0,0,0,0,0
2011,"GOA",232,"Salmon shark",0,0,0,0,0,0
2011,"GOA",310,"Spiny dogfish",0.441503687923721,0.0264973477364516,21420.0880145184,62370070.6436637,27812.5154114508,94617447.2096026
2011,"GOA",320,"Pacific sleeper shark",0.000343254600273981,1.08198157194048e-07,15.2694618599791,214.108837964146,0,0
2011,"GOA",351,"Blue shark",0,0,0,0,0,0
2015,"BSAI",150,"shark unident.",NA,NA,0,0,0,0
2015,"BSAI",222,"Sixgill shark",NA,NA,0,0,0,0
2015,"BSAI",232,"Salmon shark",NA,NA,0,0,0,0
2015,"BSAI",310,"Spiny dogfish",3.11875096071734e-05,6.20882139698418e-10,2.14489964936342,2.93671451688127,4.5835236384126,13.4105541629126
2015,"BSAI",320,"Pacific sleeper shark",0.00089501759587896,6.49938802378349e-07,88.720223325062,6386.37728243201,0,0
2015,"BSAI",351,"Blue shark",0,0,0,0,0,0
2019,"BSAI",150,"shark unident.",NA,NA,0,0,0,0
2019,"BSAI",222,"Sixgill shark",NA,NA,0,0,0,0
2019,"BSAI",232,"Salmon shark",NA,NA,0,0,0,0
2019,"BSAI",310,"Spiny dogfish",0.000141701511261757,1.28173055564516e-08,17.6560000923818,198.990534453686,19.8874632827365,252.468125344639
2019,"BSAI",320,"Pacific sleeper shark",0.00161704297367375,1.18745591189743e-06,105.719568408066,5075.57364604763,0,0
2019,"BSAI",351,"Blue shark",0,0,0,0,0,0
2010,"Central Gulf of Alaska",150,"shark unident.",0,0,0,0,0,0
2010,"Central Gulf of Alaska",222,"Sixgill shark",0,0,0,0,0,0
2010,"Central Gulf of Alaska",232,"Salmon shark",0,0,0,0,0,0
2010,"Central Gulf of Alaska",310,"Spiny dogfish",0.0202040511673147,8.38610572817233e-05,374.309214624881,28783.5562891048,836.070507581848,140987.404147788
2010,"Central Gulf of Alaska",320,"Pacific sleeper shark",0,0,0,0,0,0
2010,"Central Gulf of Alaska",351,"Blue shark",0,0,0,0,0,0
2011,"Aleutians",150,"shark unident.",NA,NA,0,0,0,0
2011,"Aleutians",222,"Sixgill shark",NA,NA,0,0,0,0
2011,"Aleutians",232,"Salmon shark",NA,NA,0,0,0,0
2011,"Aleutians",310,"Spiny dogfish",0,0,0,0,0,0
2011,"Aleutians",320,"Pacific sleeper shark",0,0,0,0,0,0
2011,"Aleutians",351,"Blue shark",NA,NA,0,0,0,0
2012,"Central Gulf of Alaska",150,"shark unident.",0,0,0,0,0,0
2012,"Central Gulf of Alaska",222,"Sixgill shark",0,0,0,0,0,0
2012,"Central Gulf of Alaska",232,"Salmon shark",0,0,0,0,0,0
2014,"Bering Sea",150,"shark unident.",NA,NA,0,0,0,0
2014,"Bering Sea",222,"Sixgill shark",NA,NA,0,0,0,0
2014,"Bering Sea",232,"Salmon shark",NA,NA,0,0,0,0
2014,"Bering Sea",310,"Spiny dogfish",0,0,0,0,0,0
2014,"Bering Sea",320,"Pacific sleeper shark",0.0444270159703283,0.000790432202507723,1145.07127414182,525091.970254623,0,0
2014,"Bering Sea",351,"Blue shark",NA,NA,0,0,0,0
2011,"Bering Sea",150,"shark unident.",0,0,0,0,0,0
2011,"Bering Sea",222,"Sixgill shark",0,0,0,0,0,0
2011,"Bering Sea",232,"Salmon shark",0,0,0,0,0,0
2011,"Bering Sea",310,"Spiny dogfish",0,0,0,0,0,0
2011,"Bering Sea",320,"Pacific sleeper shark",0.00171811251664267,1.04943690764318e-07,30.6511272969052,33.3999667073202,0,0
2011,"Bering Sea",351,"Blue shark",0,0,0,0,0,0
2012,"Central Gulf of Alaska",310,"Spiny dogfish",0.0119312317041768,6.49017956397763e-05,219.917229831549,22049.8005626943,443.612747099559,88505.5007262959
2012,"Central Gulf of Alaska",320,"Pacific sleeper shark",0,0,0,0,0,0
2012,"Central Gulf of Alaska",351,"Blue shark",0,0,0,0,0,0
2013,"Aleutians",150,"shark unident.",NA,NA,0,0,0,0
2013,"Aleutians",222,"Sixgill shark",NA,NA,0,0,0,0
2013,"Aleutians",232,"Salmon shark",NA,NA,0,0,0,0
2013,"Aleutians",310,"Spiny dogfish",0,0,0,0,0,0
2013,"Aleutians",320,"Pacific sleeper shark",0,0,0,0,0,0
2013,"Aleutians",351,"Blue shark",NA,NA,0,0,0,0
2014,"Central Gulf of Alaska",150,"shark unident.",0,0,0,0,0,0
2014,"Central Gulf of Alaska",222,"Sixgill shark",0,0,0,0,0,0
2014,"Central Gulf of Alaska",232,"Salmon shark",0,0,0,0,0,0
2014,"Central Gulf of Alaska",310,"Spiny dogfish",0.00146286834780465,1.40236400116557e-06,26.6827186639569,466.563137514182,64.3654733914415,2714.91479356637
2014,"Central Gulf of Alaska",320,"Pacific sleeper shark",0.000220722260195944,4.87183161460062e-08,4.02597402597403,16.2084668578175,0,0
2014,"Central Gulf of Alaska",351,"Blue shark",0,0,0,0,0,0
2012,"Eastern Gulf of Alaska",150,"shark unident.",0,0,0,0,0,0
2012,"Eastern Gulf of Alaska",222,"Sixgill shark",0,0,0,0,0,0
2012,"Eastern Gulf of Alaska",232,"Salmon shark",0,0,0,0,0,0
2012,"Eastern Gulf of Alaska",310,"Spiny dogfish",0.782268848847125,0.0531885027052901,18561.6060278784,29945860.224154,41556.5905703905,123572413.24996
2012,"Eastern Gulf of Alaska",320,"Pacific sleeper shark",0,0,0,0,0,0
2012,"Eastern Gulf of Alaska",351,"Blue shark",0,0,0,0,0,0
2013,"Bering Sea",150,"shark unident.",0,0,0,0,0,0
2013,"Bering Sea",222,"Sixgill shark",0,0,0,0,0,0
2013,"Bering Sea",232,"Salmon shark",0,0,0,0,0,0
2013,"Bering Sea",310,"Spiny dogfish",0,0,0,0,0,0
2013,"Bering Sea",320,"Pacific sleeper shark",0.00150142299602987,1.06084670011234e-06,88.4908008658009,3685.04465017756,0,0
2013,"Bering Sea",351,"Blue shark",0,0,0,0,0,0
2011,"Central Gulf of Alaska",150,"shark unident.",0,0,0,0,0,0
2011,"Central Gulf of Alaska",222,"Sixgill shark",0,0,0,0,0,0
2011,"Central Gulf of Alaska",232,"Salmon shark",0,0,0,0,0,0
2011,"Central Gulf of Alaska",310,"Spiny dogfish",0.0150910958893495,1.76204983583743e-05,275.809810121098,5885.67190258252,492.556341292068,19244.6885450601
2011,"Central Gulf of Alaska",320,"Pacific sleeper shark",0,0,0,0,0,0
2011,"Central Gulf of Alaska",351,"Blue shark",0,0,0,0,0,0
2013,"Central Gulf of Alaska",150,"shark unident.",0,0,0,0,0,0
2013,"Central Gulf of Alaska",222,"Sixgill shark",0,0,0,0,0,0
2013,"Central Gulf of Alaska",232,"Salmon shark",0,0,0,0,0,0
2013,"Central Gulf of Alaska",310,"Spiny dogfish",0.00280233521403724,1.32196907372629e-06,51.1145943040394,439.815938102959,64.3573739636742,697.232715289817
2013,"Central Gulf of Alaska",320,"Pacific sleeper shark",0,0,0,0,0,0
2013,"Central Gulf of Alaska",351,"Blue shark",0,0,0,0,0,0
2011,"Eastern Gulf of Alaska",150,"shark unident.",0,0,0,0,0,0
2011,"Eastern Gulf of Alaska",222,"Sixgill shark",0,0,0,0,0,0
2011,"Eastern Gulf of Alaska",232,"Salmon shark",0,0,0,0,0,0
2011,"Eastern Gulf of Alaska",310,"Spiny dogfish",0.870145012404412,0.106840603050535,21022.395525913,62361631.1244101,27072.5756054693,94587681.635635
2011,"Eastern Gulf of Alaska",320,"Pacific sleeper shark",4.88392167552587e-05,2.38526909326715e-09,0.651515151515152,0.424471992653811,0,0
2011,"Eastern Gulf of Alaska",351,"Blue shark",0,0,0,0,0,0
2012,"Western Gulf of Alaska",150,"shark unident.",0,0,0,0,0,0
2012,"Western Gulf of Alaska",222,"Sixgill shark",0,0,0,0,0,0
2012,"Western Gulf of Alaska",232,"Salmon shark",0,0,0,0,0,0
2012,"Western Gulf of Alaska",310,"Spiny dogfish",0.0141396642715812,2.56863679717697e-05,162.068831880864,3374.60936977456,274.137765085849,9655.22146692591
2012,"Western Gulf of Alaska",320,"Pacific sleeper shark",0.0012398733703916,1.53728597460624e-06,14.2114285714286,201.964702040816,0,0
2012,"Western Gulf of Alaska",351,"Blue shark",0,0,0,0,0,0
2014,"Eastern Gulf of Alaska",150,"shark unident.",0,0,0,0,0,0
2014,"Eastern Gulf of Alaska",222,"Sixgill shark",0,0,0,0,0,0
2014,"Eastern Gulf of Alaska",232,"Salmon shark",0,0,0,0,0,0
2014,"Eastern Gulf of Alaska",310,"Spiny dogfish",0.521751869038209,0.105675026573144,31850.5569653955,393802438.535948,104260.205155305,4219041155.86787
2014,"Eastern Gulf of Alaska",320,"Pacific sleeper shark",8.54997242402111e-05,4.33951636493552e-09,5.21363636363636,16.135906795225,0,0
2014,"Eastern Gulf of Alaska",351,"Blue shark",0.000402784984156214,0,10.8413149350649,0,0,0
2009,"Western Gulf of Alaska",150,"shark unident.",0,0,0,0,0,0
2009,"Western Gulf of Alaska",222,"Sixgill shark",0,0,0,0,0,0
2009,"Western Gulf of Alaska",232,"Salmon shark",0,0,0,0,0,0
2009,"Western Gulf of Alaska",310,"Spiny dogfish",0.117871108005686,0.000640389012617424,1351.03863996118,84132.671643361,0,0
2009,"Western Gulf of Alaska",320,"Pacific sleeper shark",0.000895067113877095,8.01145138344272e-07,10.2592592592593,105.252400548697,0,0
2009,"Western Gulf of Alaska",351,"Blue shark",0,0,0,0,0,0
2013,"Eastern Gulf of Alaska",150,"shark unident.",0,0,0,0,0,0
2013,"Eastern Gulf of Alaska",222,"Sixgill shark",0,0,0,0,0,0
2013,"Eastern Gulf of Alaska",232,"Salmon shark",0,0,0,0,0,0
2013,"Eastern Gulf of Alaska",310,"Spiny dogfish",0.311255412283698,0.00718011999042705,7871.45200083526,4592060.28823802,16251.7448445368,19713318.1471174
2013,"Eastern Gulf of Alaska",320,"Pacific sleeper shark",6.09382261908294e-05,3.71346741128468e-09,3.16025641025641,9.98722057856673,0,0
2013,"Eastern Gulf of Alaska",351,"Blue shark",0,0,0,0,0,0
2011,"Western Gulf of Alaska",150,"shark unident.",0,0,0,0,0,0
2011,"Western Gulf of Alaska",222,"Sixgill shark",0,0,0,0,0,0
2011,"Western Gulf of Alaska",232,"Salmon shark",0,0,0,0,0,0
2011,"Western Gulf of Alaska",310,"Spiny dogfish",0.0106336309967114,1.94390092634853e-05,121.882678484306,2553.84735092903,247.383464689428,10520.885422492
2011,"Western Gulf of Alaska",320,"Pacific sleeper shark",0.00127533996758541,1.62649203292075e-06,14.6179467084639,213.684365971492,0,0
2011,"Western Gulf of Alaska",351,"Blue shark",0,0,0,0,0,0
2010,"Eastern Gulf of Alaska",150,"shark unident.",0,0,0,0,0,0
2010,"Eastern Gulf of Alaska",222,"Sixgill shark",0,0,0,0,0,0
2010,"Eastern Gulf of Alaska",232,"Salmon shark",0,0,0,0,0,0
2010,"Eastern Gulf of Alaska",310,"Spiny dogfish",0.389883795455865,0.0120706250662049,8852.10691289044,6222324.99726098,17853.8573833241,23074085.158888
2010,"Eastern Gulf of Alaska",320,"Pacific sleeper shark",9.17497278182218e-05,8.41801255471778e-09,4.75814088465298,22.6399046782063,0,0
2010,"Eastern Gulf of Alaska",351,"Blue shark",0,0,0,0,0,0
2010,"Aleutians",150,"shark unident.",0,0,0,0,0,0
2010,"Aleutians",222,"Sixgill shark",0,0,0,0,0,0
2010,"Aleutians",232,"Salmon shark",0,0,0,0,0,0
2010,"Aleutians",310,"Spiny dogfish",0,0,0,0,0,0
2010,"Aleutians",320,"Pacific sleeper shark",0,0,0,0,0,0
2010,"Aleutians",351,"Blue shark",0,0,0,0,0,0
2013,"Western Gulf of Alaska",150,"shark unident.",0,0,0,0,0,0
2013,"Western Gulf of Alaska",222,"Sixgill shark",0,0,0,0,0,0
2013,"Western Gulf of Alaska",232,"Salmon shark",0,0,0,0,0,0
2013,"Western Gulf of Alaska",310,"Spiny dogfish",0.0195135981348264,7.60414025687977e-05,192.150400833635,7373.23361821198,567.635682889847,64344.9965403095
2013,"Western Gulf of Alaska",320,"Pacific sleeper shark",0,0,0,0,0,0
2013,"Western Gulf of Alaska",351,"Blue shark",0,0,0,0,0,0
2010,"Western Gulf of Alaska",150,"shark unident.",0,0,0,0,0,0
2010,"Western Gulf of Alaska",222,"Sixgill shark",0,0,0,0,0,0
2010,"Western Gulf of Alaska",232,"Salmon shark",0,0,0,0,0,0
2010,"Western Gulf of Alaska",310,"Spiny dogfish",0.0392580577605885,0.000206964745630522,449.975858051866,27190.4992790482,806.923388683397,87438.6335572883
2010,"Western Gulf of Alaska",320,"Pacific sleeper shark",0.000584297873165435,3.41404004585651e-07,6.69722222222222,44.8527854938271,0,0
2010,"Western Gulf of Alaska",351,"Blue shark",0,0,0,0,0,0
2012,"Aleutians",150,"shark unident.",0,0,0,0,0,0
2012,"Aleutians",222,"Sixgill shark",0,0,0,0,0,0
2012,"Aleutians",232,"Salmon shark",0,0,0,0,0,0
2012,"Aleutians",310,"Spiny dogfish",0,0,0,0,0,0
2012,"Aleutians",320,"Pacific sleeper shark",0,0,0,0,0,0
2012,"Aleutians",351,"Blue shark",0,0,0,0,0,0
2010,"Bering Sea",150,"shark unident.",NA,NA,0,0,0,0
2010,"Bering Sea",222,"Sixgill shark",NA,NA,0,0,0,0
2010,"Bering Sea",232,"Salmon shark",NA,NA,0,0,0,0
2010,"Bering Sea",310,"Spiny dogfish",0.000284837899315634,6.84586386720627e-08,15.1852740216585,194.57093995247,0,0
2010,"Bering Sea",320,"Pacific sleeper shark",0.000390742901135792,6.11438147365147e-08,21.3652084221489,182.803541407957,0,0
2010,"Bering Sea",351,"Blue shark",NA,NA,0,0,0,0
2014,"Aleutians",150,"shark unident.",0,0,0,0,0,0
2014,"Aleutians",222,"Sixgill shark",0,0,0,0,0,0
2014,"Aleutians",232,"Salmon shark",0,0,0,0,0,0
2014,"Aleutians",310,"Spiny dogfish",0.00024203030510872,4.90449956964994e-08,10.6953191827543,95.7729145208129,26.2522681919508,577.017345978168
2014,"Aleutians",320,"Pacific sleeper shark",0,0,0,0,0,0
2014,"Aleutians",351,"Blue shark",0,0,0,0,0,0
2012,"Bering Sea",150,"shark unident.",NA,NA,0,0,0,0
2012,"Bering Sea",222,"Sixgill shark",NA,NA,0,0,0,0
2012,"Bering Sea",232,"Salmon shark",NA,NA,0,0,0,0
2012,"Bering Sea",310,"Spiny dogfish",0,0,0,0,0,0
2012,"Bering Sea",320,"Pacific sleeper shark",0.00155150284586238,9.6399657391171e-07,28.5272860437486,325.905170771264,0,0
2012,"Bering Sea",351,"Blue shark",NA,NA,0,0,0,0
1992,"Western Gulf of Alaska",150,"shark unident.",0,0,0,0,0,0
1992,"Western Gulf of Alaska",222,"Sixgill shark",0,0,0,0,0,0
1992,"Western Gulf of Alaska",232,"Salmon shark",0,0,0,0,0,0
1992,"Western Gulf of Alaska",310,"Spiny dogfish",0.00809686937192086,9.72460191536764e-06,79.7298727053047,942.930552881975,0,0
1992,"Western Gulf of Alaska",320,"Pacific sleeper shark",0,0,0,0,0,0
1992,"Western Gulf of Alaska",351,"Blue shark",0,0,0,0,0,0
1993,"Central Gulf of Alaska",150,"shark unident.",0,0,0,0,0,0
1993,"Central Gulf of Alaska",222,"Sixgill shark",0,0,0,0,0,0
1993,"Central Gulf of Alaska",232,"Salmon shark",0,0,0,0,0,0
1993,"Central Gulf of Alaska",310,"Spiny dogfish",0.00634410600715579,7.59724606193727e-06,122.909195362599,2851.57029036264,0,0
1993,"Central Gulf of Alaska",320,"Pacific sleeper shark",0,0,0,0,0,0
1993,"Central Gulf of Alaska",351,"Blue shark",0,0,0,0,0,0
1993,"Eastern Gulf of Alaska",150,"shark unident.",0,0,0,0,0,0
1993,"Eastern Gulf of Alaska",222,"Sixgill shark",0,0,0,0,0,0
1993,"Eastern Gulf of Alaska",232,"Salmon shark",0,0,0,0,0,0
1993,"Eastern Gulf of Alaska",310,"Spiny dogfish",0.448664167806484,0.0293200592817273,11627.867053931,19693467.3197423,0,0
1993,"Eastern Gulf of Alaska",320,"Pacific sleeper shark",2.10623248888105e-05,4.43621529721807e-10,0.811320754716981,0.658241367034532,0,0
1993,"Eastern Gulf of Alaska",351,"Blue shark",0.000581071443329847,0,17.9035219297691,0,0,0
1992,"Central Gulf of Alaska",150,"shark unident.",0,0,0,0,0,0
1992,"Central Gulf of Alaska",222,"Sixgill shark",0,0,0,0,0,0
1992,"Central Gulf of Alaska",232,"Salmon shark",0,0,0,0,0,0
1992,"Central Gulf of Alaska",310,"Spiny dogfish",0.0105511073058101,3.62240814692711e-05,224.356399515073,16378.6546513294,0,0
1992,"Central Gulf of Alaska",320,"Pacific sleeper shark",0,0,0,0,0,0
1992,"Central Gulf of Alaska",351,"Blue shark",0,0,0,0,0,0
1993,"Western Gulf of Alaska",150,"shark unident.",0,0,0,0,0,0
1993,"Western Gulf of Alaska",222,"Sixgill shark",0,0,0,0,0,0
1993,"Western Gulf of Alaska",232,"Salmon shark",0,0,0,0,0,0
1993,"Western Gulf of Alaska",310,"Spiny dogfish",0.0113117867224149,4.78102289268777e-05,129.65569941232,6281.18567346806,0,0
1993,"Western Gulf of Alaska",320,"Pacific sleeper shark",0.00154583579673974,6.89884397399411e-07,17.7183699022309,90.6352487858149,0,0
1993,"Western Gulf of Alaska",351,"Blue shark",0,0,0,0,0,0
1992,"Eastern Gulf of Alaska",150,"shark unident.",0,0,0,0,0,0
1992,"Eastern Gulf of Alaska",222,"Sixgill shark",0,0,0,0,0,0
1992,"Eastern Gulf of Alaska",232,"Salmon shark",3.10891241177051e-05,0,1.61228197674419,0,0,0
1992,"Eastern Gulf of Alaska",310,"Spiny dogfish",1.58161296092446,0.42486763557143,36718.5256739326,228993781.762345,0,0
1992,"Eastern Gulf of Alaska",320,"Pacific sleeper shark",1.89203935441857e-05,3.57981291866865e-10,0.728813559322034,0.531169204251652,0,0
1992,"Eastern Gulf of Alaska",351,"Blue shark",0.000595993395677683,0,16.1963775046268,0,0,0
1994,"Western Gulf of Alaska",150,"shark unident.",0,0,0,0,0,0
1994,"Western Gulf of Alaska",222,"Sixgill shark",0,0,0,0,0,0
1994,"Western Gulf of Alaska",232,"Salmon shark",0,0,0,0,0,0
1994,"Western Gulf of Alaska",310,"Spiny dogfish",0,0,0,0,0,0
1994,"Western Gulf of Alaska",320,"Pacific sleeper shark",0.000421981474696491,1.78068364987025e-07,4.83675166297118,23.3941666492544,0,0
1994,"Western Gulf of Alaska",351,"Blue shark",0,0,0,0,0,0
1995,"Western Gulf of Alaska",150,"shark unident.",0,0,0,0,0,0
1995,"Western Gulf of Alaska",222,"Sixgill shark",0,0,0,0,0,0
1995,"Western Gulf of Alaska",232,"Salmon shark",0,0,0,0,0,0
1995,"Western Gulf of Alaska",310,"Spiny dogfish",0.00326697510556815,7.63710002870085e-06,37.4460686600221,1003.34268134304,0,0
1995,"Western Gulf of Alaska",320,"Pacific sleeper shark",0.00126887625624872,1.61004695367176e-06,14.5438596491228,211.523853493383,0,0
1995,"Western Gulf of Alaska",351,"Blue shark",0,0,0,0,0,0
1999,"Aleutians",150,"shark unident.",NA,NA,0,0,0,0
1999,"Aleutians",222,"Sixgill shark",NA,NA,0,0,0,0
1999,"Aleutians",232,"Salmon shark",0,0,0,0,0,0
1999,"Aleutians",310,"Spiny dogfish",0.000201855253388801,2.60092534597673e-08,7.85808969231523,39.4168338480612,0,0
1999,"Aleutians",320,"Pacific sleeper shark",0,0,0,0,0,0
1999,"Aleutians",351,"Blue shark",0,0,0,0,0,0
1997,"Bering Sea",150,"shark unident.",0,0,0,0,0,0
1997,"Bering Sea",222,"Sixgill shark",0,0,0,0,0,0
1997,"Bering Sea",232,"Salmon shark",0,0,0,0,0,0
1997,"Bering Sea",310,"Spiny dogfish",0,0,0,0,0,0
1997,"Bering Sea",320,"Pacific sleeper shark",0.0161709610996805,2.3514066383311e-05,514.786037641061,23829.2071965595,0,0
1997,"Bering Sea",351,"Blue shark",0,0,0,0,0,0
1997,"Western Gulf of Alaska",150,"shark unident.",0,0,0,0,0,0
1997,"Western Gulf of Alaska",222,"Sixgill shark",0,0,0,0,0,0
1997,"Western Gulf of Alaska",232,"Salmon shark",0,0,0,0,0,0
1997,"Western Gulf of Alaska",310,"Spiny dogfish",0.0199238278180487,7.7195476971388e-05,228.366914450474,10141.7444528618,0,0
1997,"Western Gulf of Alaska",320,"Pacific sleeper shark",0,0,0,0,0,0
1997,"Western Gulf of Alaska",351,"Blue shark",0,0,0,0,0,0
1996,"Aleutians",150,"shark unident.",0,0,0,0,0,0
1996,"Aleutians",222,"Sixgill shark",0,0,0,0,0,0
1996,"Aleutians",232,"Salmon shark",0,0,0,0,0,0
1996,"Aleutians",310,"Spiny dogfish",0.000961423687375433,4.02603971347551e-07,42.2554827167918,777.704394948795,0,0
1996,"Aleutians",320,"Pacific sleeper shark",0,0,0,0,0,0
1999,"Bering Sea",150,"shark unident.",0,0,0,0,0,0
1999,"Bering Sea",222,"Sixgill shark",0,0,0,0,0,0
1999,"Bering Sea",232,"Salmon shark",0,0,0,0,0,0
1999,"Bering Sea",310,"Spiny dogfish",0,0,0,0,0,0
1999,"Bering Sea",320,"Pacific sleeper shark",0.00421319395578637,7.07497271375825e-06,160.808400155822,10306.6926839002,0,0
1999,"Bering Sea",351,"Blue shark",0,0,0,0,0,0
1996,"Aleutians",351,"Blue shark",0,0,0,0,0,0
1998,"Aleutians",150,"shark unident.",0,0,0,0,0,0
1998,"Aleutians",222,"Sixgill shark",0,0,0,0,0,0
1997,"Central Gulf of Alaska",150,"shark unident.",0,0,0,0,0,0
1997,"Central Gulf of Alaska",222,"Sixgill shark",0,0,0,0,0,0
1997,"Central Gulf of Alaska",232,"Salmon shark",0,0,0,0,0,0
1997,"Central Gulf of Alaska",310,"Spiny dogfish",0.00580322855766815,2.31718661570787e-05,123.753751894478,10537.5199410934,0,0
1997,"Central Gulf of Alaska",320,"Pacific sleeper shark",9.0764293912351e-05,8.23815704940763e-09,1.65554072096128,2.740815078761,0,0
1997,"Central Gulf of Alaska",351,"Blue shark",0,0,0,0,0,0
1998,"Aleutians",232,"Salmon shark",0,0,0,0,0,0
1998,"Aleutians",310,"Spiny dogfish",0.000781715359167954,5.11625867861311e-07,34.5440017216319,999.080534383969,0,0
1998,"Aleutians",320,"Pacific sleeper shark",0,0,0,0,0,0
1998,"Aleutians",351,"Blue shark",0,0,0,0,0,0
1999,"Central Gulf of Alaska",150,"shark unident.",0,0,0,0,0,0
1999,"Central Gulf of Alaska",222,"Sixgill shark",0,0,0,0,0,0
1999,"Central Gulf of Alaska",232,"Salmon shark",0,0,0,0,0,0
1999,"Central Gulf of Alaska",310,"Spiny dogfish",0.00499370813882045,1.61656753262675e-05,102.716300215289,6839.53026864523,0,0
1999,"Central Gulf of Alaska",320,"Pacific sleeper shark",9.45952543696905e-05,8.94826214926644e-09,1.72541743970315,2.97706534123179,0,0
1999,"Central Gulf of Alaska",351,"Blue shark",0,0,0,0,0,0
1996,"Bering Sea",150,"shark unident.",NA,NA,0,0,0,0
1996,"Bering Sea",222,"Sixgill shark",NA,NA,0,0,0,0
1996,"Bering Sea",232,"Salmon shark",NA,NA,0,0,0,0
1996,"Bering Sea",310,"Spiny dogfish",NA,NA,0,0,0,0
1996,"Bering Sea",320,"Pacific sleeper shark",NA,NA,0,0,0,0
1996,"Bering Sea",351,"Blue shark",NA,NA,0,0,0,0
1999,"Eastern Gulf of Alaska",150,"shark unident.",0,0,0,0,0,0
1999,"Eastern Gulf of Alaska",222,"Sixgill shark",0,0,0,0,0,0
1999,"Eastern Gulf of Alaska",232,"Salmon shark",0,0,0,0,0,0
1999,"Eastern Gulf of Alaska",310,"Spiny dogfish",0.657959305459512,0.0563302870873442,17080.4105592917,37961250.3641196,0,0
1999,"Eastern Gulf of Alaska",320,"Pacific sleeper shark",0.000637758635016481,1.87306767649394e-07,11.6582278481013,62.5901297868931,0,0
1999,"Eastern Gulf of Alaska",351,"Blue shark",0,0,0,0,0,0
1997,"Eastern Gulf of Alaska",150,"shark unident.",0,0,0,0,0,0
1997,"Eastern Gulf of Alaska",222,"Sixgill shark",0,0,0,0,0,0
1997,"Eastern Gulf of Alaska",232,"Salmon shark",0,0,0,0,0,0
1997,"Eastern Gulf of Alaska",310,"Spiny dogfish",0.774706829481766,0.10821621407365,17868.3180125391,57568499.9882537,0,0
1997,"Eastern Gulf of Alaska",320,"Pacific sleeper shark",0.00254729252691551,5.03017309380532e-06,100.448400480117,7821.88340422338,0,0
1997,"Eastern Gulf of Alaska",351,"Blue shark",0.00243241228651029,0,70.6396538021118,0,0,0
1998,"Bering Sea",150,"shark unident.",NA,NA,0,0,0,0
1998,"Bering Sea",222,"Sixgill shark",NA,NA,0,0,0,0
1998,"Bering Sea",232,"Salmon shark",NA,NA,0,0,0,0
1998,"Bering Sea",310,"Spiny dogfish",0,0,0,0,0,0
1998,"Bering Sea",320,"Pacific sleeper shark",0.0223835574437455,0.000200645100145849,431.641284160367,74613.3070056815,0,0
1998,"Bering Sea",351,"Blue shark",0,0,0,0,0,0
1996,"Central Gulf of Alaska",150,"shark unident.",0,0,0,0,0,0
1996,"Central Gulf of Alaska",222,"Sixgill shark",0,0,0,0,0,0
1996,"Central Gulf of Alaska",232,"Salmon shark",0,0,0,0,0,0
1996,"Central Gulf of Alaska",310,"Spiny dogfish",0.122564676341028,0.00658894535207587,2616.50281976377,3002808.76159513,0,0
1996,"Central Gulf of Alaska",320,"Pacific sleeper shark",0.000249019985862091,6.20109533587561e-08,4.54212454212454,20.6308953561701,0,0
1996,"Central Gulf of Alaska",351,"Blue shark",0,0,0,0,0,0
1998,"Central Gulf of Alaska",150,"shark unident.",0,0,0,0,0,0
1998,"Central Gulf of Alaska",222,"Sixgill shark",0,0,0,0,0,0
1998,"Central Gulf of Alaska",232,"Salmon shark",0,0,0,0,0,0
1998,"Central Gulf of Alaska",310,"Spiny dogfish",0.00485064003106629,3.98216099905267e-06,99.2704086467031,1667.86287103583,0,0
1998,"Central Gulf of Alaska",320,"Pacific sleeper shark",0.000188578241720807,3.55617532505111e-08,3.43966712898752,11.8313099582372,0,0
1998,"Central Gulf of Alaska",351,"Blue shark",0,0,0,0,0,0
1995,"Central Gulf of Alaska",150,"shark unident.",0,0,0,0,0,0
1995,"Central Gulf of Alaska",222,"Sixgill shark",0,0,0,0,0,0
1995,"Central Gulf of Alaska",232,"Salmon shark",0,0,0,0,0,0
1996,"Eastern Gulf of Alaska",150,"shark unident.",0,0,0,0,0,0
1996,"Eastern Gulf of Alaska",222,"Sixgill shark",0,0,0,0,0,0
1996,"Eastern Gulf of Alaska",232,"Salmon shark",0.000234501517081517,0,12.1612486758475,0,0,0
1996,"Eastern Gulf of Alaska",310,"Spiny dogfish",0.630729149431461,0.130242636086299,13476.3446543808,59458177.2569291,0,0
1996,"Eastern Gulf of Alaska",320,"Pacific sleeper shark",0.000213859568177107,3.69368679840234e-08,4.64985994397759,17.4615358497369,0,0
1996,"Eastern Gulf of Alaska",351,"Blue shark",0.000233407540496861,0,12.1045150501672,0,0,0
1994,"Central Gulf of Alaska",150,"shark unident.",0,0,0,0,0,0
1994,"Central Gulf of Alaska",222,"Sixgill shark",0,0,0,0,0,0
1994,"Central Gulf of Alaska",232,"Salmon shark",0,0,0,0,0,0
1994,"Central Gulf of Alaska",310,"Spiny dogfish",0.00247556422443934,2.49801085951828e-06,47.1912368292085,907.754992255059,0,0
1995,"Central Gulf of Alaska",310,"Spiny dogfish",0.386941586564047,0.147279761176845,8265.37156513839,67201198.5367555,0,0
1995,"Central Gulf of Alaska",320,"Pacific sleeper shark",0.000624422149962456,1.95143240851848e-07,12.3210884353741,75.9792604933129,0,0
1995,"Central Gulf of Alaska",351,"Blue shark",0,0,0,0,0,0
1994,"Central Gulf of Alaska",320,"Pacific sleeper shark",0.000282319170018069,7.97041137596911e-08,5.14950166112957,26.5173673579762,0,0
1994,"Central Gulf of Alaska",351,"Blue shark",0,0,0,0,0,0
1998,"Eastern Gulf of Alaska",150,"shark unident.",0,0,0,0,0,0
1998,"Eastern Gulf of Alaska",222,"Sixgill shark",0,0,0,0,0,0
1998,"Eastern Gulf of Alaska",232,"Salmon shark",2.35547961960676e-05,0,1.86742424242424,0,0,0
1998,"Eastern Gulf of Alaska",310,"Spiny dogfish",2.6274458697862,0.444534238351502,77316.8598596668,384933825.571545,0,0
1998,"Eastern Gulf of Alaska",320,"Pacific sleeper shark",0.00273109392508611,3.45900714714501e-06,64.6740734031698,1939.71809570226,0,0
1998,"Eastern Gulf of Alaska",351,"Blue shark",0.000303896117948693,0,7.39084823906252,0,0,0
1996,"Western Gulf of Alaska",150,"shark unident.",0,0,0,0,0,0
1996,"Western Gulf of Alaska",222,"Sixgill shark",0,0,0,0,0,0
1996,"Western Gulf of Alaska",232,"Salmon shark",0,0,0,0,0,0
1996,"Western Gulf of Alaska",310,"Spiny dogfish",0.0083715105996971,1.68733821740561e-05,95.9542544937282,2216.78182166265,0,0
1996,"Western Gulf of Alaska",320,"Pacific sleeper shark",0,0,0,0,0,0
1996,"Western Gulf of Alaska",351,"Blue shark",0,0,0,0,0,0
1995,"Eastern Gulf of Alaska",150,"shark unident.",0,0,0,0,0,0
1995,"Eastern Gulf of Alaska",222,"Sixgill shark",0,0,0,0,0,0
1995,"Eastern Gulf of Alaska",232,"Salmon shark",0,0,0,0,0,0
1995,"Eastern Gulf of Alaska",310,"Spiny dogfish",0.975435846472998,0.555894511871426,21429.0558154569,268287868.738461,0,0
1995,"Eastern Gulf of Alaska",320,"Pacific sleeper shark",0.000728010991948849,2.05243610012434e-07,15.7357079704283,95.8884604840096,0,0
1995,"Eastern Gulf of Alaska",351,"Blue shark",0.000185636133686572,0,8.58387360643255,0,0,0
1994,"Eastern Gulf of Alaska",150,"shark unident.",0,0,0,0,0,0
1994,"Eastern Gulf of Alaska",222,"Sixgill shark",0,0,0,0,0,0
1994,"Eastern Gulf of Alaska",232,"Salmon shark",0,0,0,0,0,0
1994,"Eastern Gulf of Alaska",310,"Spiny dogfish",0.646138420740827,0.0369306669861183,15936.2742562559,22465164.8541146,0,0
1994,"Eastern Gulf of Alaska",320,"Pacific sleeper shark",0.000658534710193836,1.43155032023872e-07,12.2160904255319,49.26219448099,0,0
1994,"Eastern Gulf of Alaska",351,"Blue shark",0.00704109126758145,0,151.858250543084,0,0,0
1998,"Western Gulf of Alaska",150,"shark unident.",0,0,0,0,0,0
1998,"Western Gulf of Alaska",222,"Sixgill shark",0,0,0,0,0,0
1998,"Western Gulf of Alaska",232,"Salmon shark",0,0,0,0,0,0
1998,"Western Gulf of Alaska",310,"Spiny dogfish",0.00121858914724342,6.63399070936973e-07,13.9674688057041,87.1556742916742,0,0
1998,"Western Gulf of Alaska",320,"Pacific sleeper shark",0.00152670247510487,1.05874682879516e-06,17.499063769652,139.095452210214,0,0
1998,"Western Gulf of Alaska",351,"Blue shark",0,0,0,0,0,0
1997,"Aleutians",150,"shark unident.",NA,NA,0,0,0,0
1997,"Aleutians",222,"Sixgill shark",NA,NA,0,0,0,0
1997,"Aleutians",232,"Salmon shark",0,0,0,0,0,0
1997,"Aleutians",310,"Spiny dogfish",0.00108760671642748,7.55077510634456e-07,47.5583952780123,1443.78377821962,0,0
1997,"Aleutians",320,"Pacific sleeper shark",0,0,0,0,0,0
1997,"Aleutians",351,"Blue shark",0,0,0,0,0,0
2004,"Aleutians",150,"shark unident.",0,0,0,0,0,0
2004,"Aleutians",222,"Sixgill shark",0,0,0,0,0,0
2004,"Aleutians",232,"Salmon shark",0,0,0,0,0,0
2004,"Aleutians",310,"Spiny dogfish",0.00024717988606848,5.11542191420256e-08,10.9228791653661,99.8917134703273,0,0
2004,"Aleutians",320,"Pacific sleeper shark",0,0,0,0,0,0
2004,"Aleutians",351,"Blue shark",0,0,0,0,0,0
2002,"Bering Sea",150,"shark unident.",NA,NA,0,0,0,0
2002,"Bering Sea",222,"Sixgill shark",NA,NA,0,0,0,0
2002,"Bering Sea",232,"Salmon shark",NA,NA,0,0,0,0
2002,"Bering Sea",310,"Spiny dogfish",0.000571511861958466,2.7560253503808e-07,40.1425704931214,1359.69990684539,0,0
2002,"Bering Sea",320,"Pacific sleeper shark",0.00121844220870158,5.94538807585118e-07,31.1199938666924,387.837092861957,0,0
2002,"Bering Sea",351,"Blue shark",NA,NA,0,0,0,0
2000,"Central Gulf of Alaska",150,"shark unident.",0,0,0,0,0,0
2000,"Central Gulf of Alaska",222,"Sixgill shark",0,0,0,0,0,0
2000,"Central Gulf of Alaska",232,"Salmon shark",0,0,0,0,0,0
2000,"Central Gulf of Alaska",310,"Spiny dogfish",0.00179101326305274,1.11077615394729e-06,32.6680819180819,369.552560555495,0,0
2000,"Central Gulf of Alaska",320,"Pacific sleeper shark",0.00173393825814728,1.65022024415207e-06,36.8414473684211,744.985842779921,0,0
2000,"Central Gulf of Alaska",351,"Blue shark",0,0,0,0,0,0
2001,"Aleutians",150,"shark unident.",NA,NA,0,0,0,0
2001,"Aleutians",222,"Sixgill shark",NA,NA,0,0,0,0
2001,"Aleutians",232,"Salmon shark",NA,NA,0,0,0,0
2001,"Aleutians",310,"Spiny dogfish",0.00140608384556993,1.26203154660602e-06,63.6962126305707,2589.85228068743,0,0
2001,"Aleutians",320,"Pacific sleeper shark",0,0,0,0,0,0
2001,"Aleutians",351,"Blue shark",NA,NA,0,0,0,0
2004,"Bering Sea",150,"shark unident.",NA,NA,0,0,0,0
2004,"Bering Sea",222,"Sixgill shark",NA,NA,0,0,0,0
2004,"Bering Sea",232,"Salmon shark",NA,NA,0,0,0,0
2004,"Bering Sea",310,"Spiny dogfish",0,0,0,0,0,0
2004,"Bering Sea",320,"Pacific sleeper shark",0.000668090403867972,1.78747841019692e-07,20.2400108343733,164.055886756133,0,0
2004,"Bering Sea",351,"Blue shark",0,0,0,0,0,0
2002,"Central Gulf of Alaska",150,"shark unident.",0,0,0,0,0,0
2002,"Central Gulf of Alaska",222,"Sixgill shark",0,0,0,0,0,0
2003,"Aleutians",150,"shark unident.",NA,NA,0,0,0,0
2003,"Aleutians",222,"Sixgill shark",NA,NA,0,0,0,0
2003,"Aleutians",232,"Salmon shark",NA,NA,0,0,0,0
2003,"Aleutians",310,"Spiny dogfish",0.000419271032563525,1.12211531466454e-07,17.0056955857063,184.602073510401,0,0
2003,"Aleutians",320,"Pacific sleeper shark",0,0,0,0,0,0
2001,"Bering Sea",150,"shark unident.",0,0,0,0,0,0
2001,"Bering Sea",222,"Sixgill shark",0,0,0,0,0,0
2001,"Bering Sea",232,"Salmon shark",0,0,0,0,0,0
2001,"Bering Sea",310,"Spiny dogfish",0.000330834058609524,1.0945117433605e-07,22.2545454545455,495.26479338843,0,0
2002,"Central Gulf of Alaska",232,"Salmon shark",0,0,0,0,0,0
2002,"Central Gulf of Alaska",310,"Spiny dogfish",0.00257247288504202,6.61761674427642e-06,54.9840354448882,3023.24415380472,0,0
2002,"Central Gulf of Alaska",320,"Pacific sleeper shark",0.00403060136409325,1.26041951018157e-05,73.5181688810609,4193.38546030583,0,0
2002,"Central Gulf of Alaska",351,"Blue shark",0,0,0,0,0,0
2003,"Aleutians",351,"Blue shark",NA,NA,0,0,0,0
2001,"Bering Sea",320,"Pacific sleeper shark",0.00148892525344437,7.53198516231949e-07,33.8002920356395,388.15444960573,0,0
2001,"Bering Sea",351,"Blue shark",0,0,0,0,0,0
2002,"Eastern Gulf of Alaska",150,"shark unident.",0,0,0,0,0,0
2002,"Eastern Gulf of Alaska",222,"Sixgill shark",0,0,0,0,0,0
2002,"Eastern Gulf of Alaska",232,"Salmon shark",0,0,0,0,0,0
2002,"Eastern Gulf of Alaska",310,"Spiny dogfish",0.460248753531742,0.0252581916234808,11942.7457031464,17006908.7561191,0,0
2002,"Eastern Gulf of Alaska",320,"Pacific sleeper shark",0.00750506585375778,1.87944468456025e-05,182.345918561074,11094.6249953803,0,0
2002,"Eastern Gulf of Alaska",351,"Blue shark",0,0,0,0,0,0
2003,"Bering Sea",150,"shark unident.",0,0,0,0,0,0
2003,"Bering Sea",222,"Sixgill shark",0,0,0,0,0,0
2003,"Bering Sea",232,"Salmon shark",0,0,0,0,0,0
2003,"Bering Sea",310,"Spiny dogfish",0,0,0,0,0,0
2003,"Bering Sea",320,"Pacific sleeper shark",0.00788749911169131,2.71490485087122e-05,197.317769810477,16990.5862108847,0,0
2003,"Bering Sea",351,"Blue shark",0,0,0,0,0,0
2004,"Eastern Gulf of Alaska",351,"Blue shark",0,0,0,0,0,0
2001,"Central Gulf of Alaska",150,"shark unident.",0,0,0,0,0,0
2001,"Central Gulf of Alaska",222,"Sixgill shark",0,0,0,0,0,0
2001,"Central Gulf of Alaska",232,"Salmon shark",0,0,0,0,0,0
2001,"Central Gulf of Alaska",310,"Spiny dogfish",0.000833577963337718,2.31058219996703e-07,16.5608899059242,91.200309774534,0,0
2001,"Central Gulf of Alaska",320,"Pacific sleeper shark",0.00341777267085809,5.50447494100234e-06,66.7690999502616,2100.78011226243,0,0
2001,"Central Gulf of Alaska",351,"Blue shark",0,0,0,0,0,0
2004,"Central Gulf of Alaska",150,"shark unident.",0,0,0,0,0,0
2004,"Central Gulf of Alaska",222,"Sixgill shark",0,0,0,0,0,0
2004,"Central Gulf of Alaska",232,"Salmon shark",0,0,0,0,0,0
2004,"Central Gulf of Alaska",310,"Spiny dogfish",0.0116216378141128,3.51265965579273e-05,218.345265818177,12399.0656466808,0,0
2004,"Central Gulf of Alaska",320,"Pacific sleeper shark",0,0,0,0,0,0
2004,"Central Gulf of Alaska",351,"Blue shark",0,0,0,0,0,0
2003,"Central Gulf of Alaska",150,"shark unident.",0,0,0,0,0,0
2003,"Central Gulf of Alaska",222,"Sixgill shark",0,0,0,0,0,0
2003,"Central Gulf of Alaska",232,"Salmon shark",0,0,0,0,0,0
2003,"Central Gulf of Alaska",310,"Spiny dogfish",0.016264127404607,0.000181223544063479,298.768061622065,61153.5147571379,0,0
2003,"Central Gulf of Alaska",320,"Pacific sleeper shark",0,0,0,0,0,0
2003,"Central Gulf of Alaska",351,"Blue shark",0,0,0,0,0,0
2004,"Eastern Gulf of Alaska",150,"shark unident.",0,0,0,0,0,0
2004,"Eastern Gulf of Alaska",222,"Sixgill shark",0,0,0,0,0,0
2004,"Eastern Gulf of Alaska",232,"Salmon shark",0,0,0,0,0,0
2004,"Eastern Gulf of Alaska",310,"Spiny dogfish",0.457404627437362,0.0334031102360865,14422.5981362499,33210300.4313748,0,0
2004,"Eastern Gulf of Alaska",320,"Pacific sleeper shark",0.000566479081034249,6.59473448935414e-08,13.3742857057829,36.7595980910334,0,0
2001,"Eastern Gulf of Alaska",150,"shark unident.",0,0,0,0,0,0
2002,"Western Gulf of Alaska",150,"shark unident.",0,0,0,0,0,0
2002,"Western Gulf of Alaska",222,"Sixgill shark",0,0,0,0,0,0
2002,"Western Gulf of Alaska",232,"Salmon shark",0,0,0,0,0,0
2002,"Western Gulf of Alaska",310,"Spiny dogfish",0,0,0,0,0,0
2002,"Western Gulf of Alaska",320,"Pacific sleeper shark",0,0,0,0,0,0
2002,"Western Gulf of Alaska",351,"Blue shark",0,0,0,0,0,0
2001,"Eastern Gulf of Alaska",222,"Sixgill shark",0,0,0,0,0,0
2001,"Eastern Gulf of Alaska",232,"Salmon shark",0,0,0,0,0,0
2001,"Eastern Gulf of Alaska",310,"Spiny dogfish",0.264458364822929,0.0165140036752942,6582.19842603604,10230095.8062522,0,0
2001,"Eastern Gulf of Alaska",320,"Pacific sleeper shark",0.00992491464091062,9.25822389740716e-05,211.132011278195,41896.9384277408,0,0
2001,"Eastern Gulf of Alaska",351,"Blue shark",0,0,0,0,0,0
1999,"Western Gulf of Alaska",150,"shark unident.",0,0,0,0,0,0
1999,"Western Gulf of Alaska",222,"Sixgill shark",0,0,0,0,0,0
1999,"Western Gulf of Alaska",232,"Salmon shark",0,0,0,0,0,0
1999,"Western Gulf of Alaska",310,"Spiny dogfish",0.037577823116273,0.000124549490414427,430.717008558721,16362.9937021499,0,0
1999,"Western Gulf of Alaska",320,"Pacific sleeper shark",0,0,0,0,0,0
1999,"Western Gulf of Alaska",351,"Blue shark",0,0,0,0,0,0
2003,"Eastern Gulf of Alaska",150,"shark unident.",0,0,0,0,0,0
2003,"Eastern Gulf of Alaska",222,"Sixgill shark",0,0,0,0,0,0
2003,"Eastern Gulf of Alaska",232,"Salmon shark",0,0,0,0,0,0
2003,"Eastern Gulf of Alaska",310,"Spiny dogfish",0.603838096802957,0.0517180923206965,14314.3811278502,29063414.1400524,0,0
2003,"Eastern Gulf of Alaska",320,"Pacific sleeper shark",0.00593447693682343,7.99302491370656e-06,113.113693131024,2903.86644462894,0,0
2003,"Eastern Gulf of Alaska",351,"Blue shark",0.000406574344691884,0,6.39148225677831,0,0,0
2001,"Western Gulf of Alaska",150,"shark unident.",0,0,0,0,0,0
2001,"Western Gulf of Alaska",222,"Sixgill shark",0,0,0,0,0,0
2001,"Western Gulf of Alaska",232,"Salmon shark",0,0,0,0,0,0
2001,"Western Gulf of Alaska",310,"Spiny dogfish",0.00459203622333966,5.44153891577929e-06,52.6339191919192,714.895474181614,0,0
2001,"Western Gulf of Alaska",320,"Pacific sleeper shark",0,0,0,0,0,0
2001,"Western Gulf of Alaska",351,"Blue shark",0,0,0,0,0,0
2000,"Eastern Gulf of Alaska",150,"shark unident.",0,0,0,0,0,0
2000,"Eastern Gulf of Alaska",222,"Sixgill shark",0,0,0,0,0,0
2000,"Eastern Gulf of Alaska",232,"Salmon shark",0,0,0,0,0,0
2000,"Eastern Gulf of Alaska",310,"Spiny dogfish",0.339316864742641,0.0118568803451919,7935.05773271344,6484249.65962707,0,0
2000,"Eastern Gulf of Alaska",320,"Pacific sleeper shark",0.00347394174392564,1.42957105046885e-06,63.4609115145053,477.060318539458,0,0
2000,"Eastern Gulf of Alaska",351,"Blue shark",0,0,0,0,0,0
2003,"Western Gulf of Alaska",150,"shark unident.",0,0,0,0,0,0
2003,"Western Gulf of Alaska",222,"Sixgill shark",0,0,0,0,0,0
2003,"Western Gulf of Alaska",232,"Salmon shark",0,0,0,0,0,0
2003,"Western Gulf of Alaska",310,"Spiny dogfish",0.0246939415285512,0.000182959933575711,283.041957800254,24036.8084275866,0,0
2000,"Aleutians",150,"shark unident.",0,0,0,0,0,0
2000,"Aleutians",222,"Sixgill shark",0,0,0,0,0,0
2000,"Aleutians",232,"Salmon shark",0,0,0,0,0,0
2000,"Aleutians",310,"Spiny dogfish",0.0018119075477905,2.48907832514753e-06,77.1953191827543,4518.02291452081,0,0
2000,"Aleutians",320,"Pacific sleeper shark",0,0,0,0,0,0
2000,"Aleutians",351,"Blue shark",0,0,0,0,0,0
2003,"Western Gulf of Alaska",320,"Pacific sleeper shark",0.00150679055429535,2.2704177745137e-06,17.2708333333333,298.281684027778,0,0
2003,"Western Gulf of Alaska",351,"Blue shark",0,0,0,0,0,0
2002,"Aleutians",150,"shark unident.",0,0,0,0,0,0
2002,"Aleutians",222,"Sixgill shark",0,0,0,0,0,0
2002,"Aleutians",232,"Salmon shark",0,0,0,0,0,0
2002,"Aleutians",310,"Spiny dogfish",0.000309951853182709,8.0434743055441e-08,13.6967723921439,157.069435153445,0,0
2002,"Aleutians",320,"Pacific sleeper shark",0,0,0,0,0,0
2002,"Aleutians",351,"Blue shark",0,0,0,0,0,0
2000,"Western Gulf of Alaska",150,"shark unident.",0,0,0,0,0,0
2000,"Western Gulf of Alaska",222,"Sixgill shark",0,0,0,0,0,0
2000,"Western Gulf of Alaska",232,"Salmon shark",0,0,0,0,0,0
2000,"Western Gulf of Alaska",310,"Spiny dogfish",0.00813940578706191,1.23910566226109e-05,93.2938691313036,1627.90534753789,0,0
2000,"Western Gulf of Alaska",320,"Pacific sleeper shark",0,0,0,0,0,0
2000,"Western Gulf of Alaska",351,"Blue shark",0,0,0,0,0,0
2000,"Bering Sea",150,"shark unident.",NA,NA,0,0,0,0
2000,"Bering Sea",222,"Sixgill shark",NA,NA,0,0,0,0
2000,"Bering Sea",232,"Salmon shark",NA,NA,0,0,0,0
2000,"Bering Sea",310,"Spiny dogfish",0,0,0,0,0,0
2000,"Bering Sea",320,"Pacific sleeper shark",0.0266972224937534,0.000285431893888904,1205.16208528899,581649.36425033,0,0
2000,"Bering Sea",351,"Blue shark",NA,NA,0,0,0,0
2020,"Central Gulf of Alaska",150,"shark unident.",0,0,0,0,0,0
2020,"Central Gulf of Alaska",222,"Sixgill shark",0,0,0,0,0,0
2020,"Central Gulf of Alaska",232,"Salmon shark",0,0,0,0,0,0
2020,"Central Gulf of Alaska",310,"Spiny dogfish",9.68411056130354e-05,9.37819973635508e-09,1.76638176638177,3.12010454460597,4.3356843370507,18.7981586705468
2020,"Central Gulf of Alaska",320,"Pacific sleeper shark",0,0,0,0,0,0
2020,"Central Gulf of Alaska",351,"Blue shark",0.00360150745382257,0,76.9786203180035,0,0,0
2021,"Aleutians",150,"shark unident.",NA,NA,0,0,0,0
2021,"Aleutians",222,"Sixgill shark",NA,NA,0,0,0,0
2021,"Aleutians",232,"Salmon shark",NA,NA,0,0,0,0
2021,"Aleutians",310,"Spiny dogfish",0,0,0,0,0,0
2021,"Aleutians",320,"Pacific sleeper shark",0,0,0,0,0,0
2021,"Aleutians",351,"Blue shark",0,0,0,0,0,0
2022,"Central Gulf of Alaska",150,"shark unident.",0,0,0,0,0,0
2021,"Bering Sea",150,"shark unident.",0,0,0,0,0,0
2021,"Bering Sea",222,"Sixgill shark",0,0,0,0,0,0
2021,"Bering Sea",232,"Salmon shark",0,0,0,0,0,0
2021,"Bering Sea",310,"Spiny dogfish",0,0,0,0,0,0
2021,"Bering Sea",320,"Pacific sleeper shark",0,0,0,0,0,0
2021,"Bering Sea",351,"Blue shark",0,0,0,0,0,0
2022,"Central Gulf of Alaska",222,"Sixgill shark",0,0,0,0,0,0
2022,"Central Gulf of Alaska",232,"Salmon shark",0,0,0,0,0,0
2022,"Central Gulf of Alaska",310,"Spiny dogfish",0.00394078239266179,3.67888676106182e-06,72.8232981739315,1256.2966465977,171.713937133878,6678.87296132034
2022,"Central Gulf of Alaska",320,"Pacific sleeper shark",0,0,0,0,0,0
2022,"Central Gulf of Alaska",351,"Blue shark",0,0,0,0,0,0
2022,"Eastern Gulf of Alaska",150,"shark unident.",0,0,0,0,0,0
2022,"Eastern Gulf of Alaska",222,"Sixgill shark",0,0,0,0,0,0
2022,"Eastern Gulf of Alaska",232,"Salmon shark",0,0,0,0,0,0
2022,"Eastern Gulf of Alaska",310,"Spiny dogfish",0.472455298832386,0.0352115402250119,13490.8832096394,28710736.8923581,39397.4371811287,267225481.353142
2022,"Eastern Gulf of Alaska",320,"Pacific sleeper shark",8.84339426006093e-05,7.82056220388785e-09,1.89107142857143,3.57615114795918,0,0
2022,"Eastern Gulf of Alaska",351,"Blue shark",4.59931369385394e-05,0,2.38520408163265,0,0,0
2021,"Central Gulf of Alaska",150,"shark unident.",0,0,0,0,0,0
2021,"Central Gulf of Alaska",222,"Sixgill shark",0,0,0,0,0,0
2021,"Central Gulf of Alaska",232,"Salmon shark",0,0,0,0,0,0
2021,"Central Gulf of Alaska",310,"Spiny dogfish",0.00153674267983479,1.42559540545181e-06,28.0301864801865,474.292169964845,37.1347988687569,832.4461190064
2021,"Central Gulf of Alaska",320,"Pacific sleeper shark",0,0,0,0,0,0
2021,"Central Gulf of Alaska",351,"Blue shark",0,0,0,0,0,0
2021,"Eastern Gulf of Alaska",150,"shark unident.",0,0,0,0,0,0
2021,"Eastern Gulf of Alaska",222,"Sixgill shark",0,0,0,0,0,0
2021,"Eastern Gulf of Alaska",232,"Salmon shark",0,0,0,0,0,0
2021,"Eastern Gulf of Alaska",310,"Spiny dogfish",0.170594313526627,0.00202962549858464,4634.11614203263,1497685.54183184,9570.54249884551,6109886.00610186
2021,"Eastern Gulf of Alaska",320,"Pacific sleeper shark",0,0,0,0,0,0
2021,"Eastern Gulf of Alaska",351,"Blue shark",0.000368227633256313,0,16.0068181818182,0,0,0
2022,"Western Gulf of Alaska",150,"shark unident.",0,0,0,0,0,0
2022,"Western Gulf of Alaska",222,"Sixgill shark",0,0,0,0,0,0
2022,"Western Gulf of Alaska",232,"Salmon shark",0,0,0,0,0,0
2022,"Western Gulf of Alaska",310,"Spiny dogfish",0.0116460691054495,2.90754436163552e-05,133.487244086663,3819.85746548286,312.041223165089,20873.3217379498
2022,"Western Gulf of Alaska",320,"Pacific sleeper shark",0.00166942249475839,2.78697146600532e-06,19.1349206349206,366.145187704711,0,0
2022,"Western Gulf of Alaska",351,"Blue shark",0,0,0,0,0,0
2019,"Western Gulf of Alaska",150,"shark unident.",0,0,0,0,0,0
2019,"Western Gulf of Alaska",222,"Sixgill shark",0,0,0,0,0,0
2019,"Western Gulf of Alaska",232,"Salmon shark",0,0,0,0,0,0
2019,"Western Gulf of Alaska",310,"Spiny dogfish",0,0,0,0,0,0
2019,"Western Gulf of Alaska",320,"Pacific sleeper shark",0.00750510485995131,5.63265989588648e-05,86.0235119047619,7400.04460042871,0,0
2019,"Western Gulf of Alaska",351,"Blue shark",0,0,0,0,0,0
2021,"Western Gulf of Alaska",150,"shark unident.",0,0,0,0,0,0
2021,"Western Gulf of Alaska",222,"Sixgill shark",0,0,0,0,0,0
2021,"Western Gulf of Alaska",232,"Salmon shark",0,0,0,0,0,0
2021,"Western Gulf of Alaska",310,"Spiny dogfish",0.00329434633254028,1.08527177587216e-05,37.7597976635767,1425.80231959425,57.3152118308379,3285.03350721382
2021,"Western Gulf of Alaska",320,"Pacific sleeper shark",0.00207160155031382,4.29153298326261e-06,23.744696969697,563.810634182736,0,0
2021,"Western Gulf of Alaska",351,"Blue shark",0,0,0,0,0,0
2020,"Eastern Gulf of Alaska",150,"shark unident.",0,0,0,0,0,0
2020,"Eastern Gulf of Alaska",222,"Sixgill shark",0,0,0,0,0,0
2020,"Eastern Gulf of Alaska",232,"Salmon shark",0,0,0,0,0,0
2020,"Eastern Gulf of Alaska",310,"Spiny dogfish",0.268303977852605,0.00422326254617763,6458.12025389551,2446843.05035187,13690.3784470626,15352612.9828345
2020,"Eastern Gulf of Alaska",320,"Pacific sleeper shark",5.79656297912767e-05,3.36001423709935e-09,3.00609756097561,9.03662254610351,0,0
2020,"Eastern Gulf of Alaska",351,"Blue shark",0.000915824608309889,0,15.4566719899158,0,0,0
2020,"Aleutians",150,"shark unident.",0,0,0,0,0,0
2020,"Aleutians",222,"Sixgill shark",0,0,0,0,0,0
2020,"Aleutians",232,"Salmon shark",0,0,0,0,0,0
2020,"Aleutians",310,"Spiny dogfish",0,0,0,0,0,0
2020,"Aleutians",320,"Pacific sleeper shark",0,0,0,0,0,0
2020,"Aleutians",351,"Blue shark",0,0,0,0,0,0
2020,"Western Gulf of Alaska",150,"shark unident.",0,0,0,0,0,0
2020,"Western Gulf of Alaska",222,"Sixgill shark",0,0,0,0,0,0
2020,"Western Gulf of Alaska",232,"Salmon shark",0,0,0,0,0,0
2020,"Western Gulf of Alaska",310,"Spiny dogfish",0.00502113864522001,1.35129140611687e-05,57.5522911515117,1775.292110348,125.142928323454,8393.77288911078
2020,"Western Gulf of Alaska",320,"Pacific sleeper shark",0,0,0,0,0,0
2020,"Western Gulf of Alaska",351,"Blue shark",0,0,0,0,0,0
2022,"Aleutians",150,"shark unident.",0,0,0,0,0,0
2022,"Aleutians",222,"Sixgill shark",0,0,0,0,0,0
2022,"Aleutians",232,"Salmon shark",0,0,0,0,0,0
2022,"Aleutians",310,"Spiny dogfish",0.000261131597919498,5.70918422041464e-08,11.5394053120626,111.486443124384,38.6962811535027,1253.70010962492
2022,"Aleutians",320,"Pacific sleeper shark",0,0,0,0,0,0
2022,"Aleutians",351,"Blue shark",0,0,0,0,0,0
2020,"Bering Sea",150,"shark unident.",NA,NA,0,0,0,0
2020,"Bering Sea",222,"Sixgill shark",NA,NA,0,0,0,0
2020,"Bering Sea",232,"Salmon shark",NA,NA,0,0,0,0
2020,"Bering Sea",310,"Spiny dogfish",0,0,0,0,0,0
2020,"Bering Sea",320,"Pacific sleeper shark",4.79713816668069e-05,9.2158371451296e-10,3.49732872747382,4.89827594867107,0,0
2020,"Bering Sea",351,"Blue shark",NA,NA,0,0,0,0
2022,"Bering Sea",150,"shark unident.",NA,NA,0,0,0,0
2022,"Bering Sea",222,"Sixgill shark",NA,NA,0,0,0,0
2022,"Bering Sea",232,"Salmon shark",NA,NA,0,0,0,0
2022,"Bering Sea",310,"Spiny dogfish",0,0,0,0,0,0
2022,"Bering Sea",320,"Pacific sleeper shark",0,0,0,0,0,0
2022,"Bering Sea",351,"Blue shark",0,0,0,0,0,0
2005,"Central Gulf of Alaska",150,"shark unident.",0,0,0,0,0,0
2005,"Central Gulf of Alaska",222,"Sixgill shark",0,0,0,0,0,0
2009,"Aleutians",222,"Sixgill shark",NA,NA,0,0,0,0
2009,"Aleutians",232,"Salmon shark",NA,NA,0,0,0,0
2009,"Aleutians",310,"Spiny dogfish",0.00122889548405898,9.64001412327493e-07,56.9965244257175,2073.69328398653,0,0
2009,"Aleutians",320,"Pacific sleeper shark",0,0,0,0,0,0
2009,"Aleutians",351,"Blue shark",NA,NA,0,0,0,0
2006,"Aleutians",150,"shark unident.",0,0,0,0,0,0
2006,"Aleutians",222,"Sixgill shark",0,0,0,0,0,0
2006,"Aleutians",232,"Salmon shark",0,0,0,0,0,0
2007,"Bering Sea",232,"Salmon shark",0,0,0,0,0,0
2007,"Bering Sea",310,"Spiny dogfish",0,0,0,0,0,0
2007,"Bering Sea",320,"Pacific sleeper shark",0.0147035541541706,7.76402652721223e-05,344.420078662786,42600.9498950328,0,0
2007,"Bering Sea",351,"Blue shark",0,0,0,0,0,0
2005,"Central Gulf of Alaska",232,"Salmon shark",0,0,0,0,0,0
2005,"Central Gulf of Alaska",310,"Spiny dogfish",0.00658612965795322,1.51602941329885e-05,126.208683448949,5567.05545869027,0,0
2005,"Central Gulf of Alaska",320,"Pacific sleeper shark",0,0,0,0,0,0
2005,"Central Gulf of Alaska",351,"Blue shark",0,0,0,0,0,0
2006,"Aleutians",310,"Spiny dogfish",0.000685904146764131,1.68606889631919e-07,30.310104245507,329.248132230756,0,0
2006,"Aleutians",320,"Pacific sleeper shark",0,0,0,0,0,0
2006,"Aleutians",351,"Blue shark",0,0,0,0,0,0
2009,"Bering Sea",150,"shark unident.",0,0,0,0,0,0
2009,"Bering Sea",222,"Sixgill shark",0,0,0,0,0,0
2009,"Bering Sea",232,"Salmon shark",0,0,0,0,0,0
2009,"Bering Sea",310,"Spiny dogfish",0.000634075989655858,4.02052360658056e-07,38.25,1463.0625,0,0
2009,"Bering Sea",320,"Pacific sleeper shark",0.000695937061817406,4.84328394011043e-07,41.9817073170732,1762.4637492564,0,0
2009,"Bering Sea",351,"Blue shark",0,0,0,0,0,0
2007,"Central Gulf of Alaska",150,"shark unident.",0,0,0,0,0,0
2007,"Central Gulf of Alaska",222,"Sixgill shark",0,0,0,0,0,0
2007,"Central Gulf of Alaska",232,"Salmon shark",0,0,0,0,0,0
2007,"Central Gulf of Alaska",310,"Spiny dogfish",0.0270285165828518,0.000155867394937792,494.988858474255,52275.9221713282,0,0
2007,"Central Gulf of Alaska",320,"Pacific sleeper shark",0,0,0,0,0,0
2007,"Central Gulf of Alaska",351,"Blue shark",0,0,0,0,0,0
2008,"Aleutians",150,"shark unident.",0,0,0,0,0,0
2008,"Aleutians",222,"Sixgill shark",0,0,0,0,0,0
2008,"Aleutians",232,"Salmon shark",0,0,0,0,0,0
2008,"Aleutians",310,"Spiny dogfish",0.00228438463300471,7.14962192001954e-07,100.946956932478,1396.14678170119,0,0
2008,"Aleutians",320,"Pacific sleeper shark",0,0,0,0,0,0
2008,"Aleutians",351,"Blue shark",0,0,0,0,0,0
2006,"Bering Sea",150,"shark unident.",NA,NA,0,0,0,0
2006,"Bering Sea",222,"Sixgill shark",NA,NA,0,0,0,0
2006,"Bering Sea",232,"Salmon shark",NA,NA,0,0,0,0
2006,"Bering Sea",310,"Spiny dogfish",0.00794088849705345,5.32072613943019e-05,213.359468212051,38411.0828753063,0,0
2006,"Bering Sea",320,"Pacific sleeper shark",0.00174789050727629,1.22348538192399e-06,105.449145112763,4453.03864167047,0,0
2006,"Bering Sea",351,"Blue shark",NA,NA,0,0,0,0
2009,"Central Gulf of Alaska",150,"shark unident.",0,0,0,0,0,0
2009,"Central Gulf of Alaska",222,"Sixgill shark",0,0,0,0,0,0
2009,"Central Gulf of Alaska",232,"Salmon shark",0,0,0,0,0,0
2009,"Central Gulf of Alaska",310,"Spiny dogfish",0.0354592412927109,8.8996052220551e-05,652.860452206316,30168.4215067052,0,0
2009,"Central Gulf of Alaska",320,"Pacific sleeper shark",0,0,0,0,0,0
2009,"Central Gulf of Alaska",351,"Blue shark",0,0,0,0,0,0
2007,"Eastern Gulf of Alaska",150,"shark unident.",0,0,0,0,0,0
2008,"Bering Sea",150,"shark unident.",NA,NA,0,0,0,0
2008,"Bering Sea",222,"Sixgill shark",NA,NA,0,0,0,0
2008,"Bering Sea",232,"Salmon shark",NA,NA,0,0,0,0
2008,"Bering Sea",310,"Spiny dogfish",0,0,0,0,0,0
2008,"Bering Sea",320,"Pacific sleeper shark",0.0147790811578225,8.74712243357027e-05,927.307925039493,344364.425307952,0,0
2008,"Bering Sea",351,"Blue shark",NA,NA,0,0,0,0
2006,"Central Gulf of Alaska",150,"shark unident.",0,0,0,0,0,0
2006,"Central Gulf of Alaska",222,"Sixgill shark",0,0,0,0,0,0
2006,"Central Gulf of Alaska",232,"Salmon shark",0,0,0,0,0,0
2006,"Central Gulf of Alaska",310,"Spiny dogfish",0.0144001062425421,5.19344570714525e-05,266.083627330921,17732.1137229367,0,0
2006,"Central Gulf of Alaska",320,"Pacific sleeper shark",0.0009501099369791,3.85061440649917e-07,17.3300052504988,128.10901715677,0,0
2006,"Central Gulf of Alaska",351,"Blue shark",0,0,0,0,0,0
2007,"Eastern Gulf of Alaska",222,"Sixgill shark",0,0,0,0,0,0
2007,"Eastern Gulf of Alaska",232,"Salmon shark",0,0,0,0,0,0
2007,"Eastern Gulf of Alaska",310,"Spiny dogfish",0.790854328604142,0.0369258035364178,18164.0229141197,19478748.2603429,0,0
2007,"Eastern Gulf of Alaska",320,"Pacific sleeper shark",0.00016346790817262,9.54111426451485e-09,4.83822148224044,8.35806179049479,0,0
2007,"Eastern Gulf of Alaska",351,"Blue shark",0,0,0,0,0,0
2008,"Central Gulf of Alaska",150,"shark unident.",0,0,0,0,0,0
2007,"Western Gulf of Alaska",150,"shark unident.",0,0,0,0,0,0
2007,"Western Gulf of Alaska",222,"Sixgill shark",0,0,0,0,0,0
2007,"Western Gulf of Alaska",232,"Salmon shark",0,0,0,0,0,0
2007,"Western Gulf of Alaska",310,"Spiny dogfish",0.0717086271625348,0.000475572026518415,821.924284536974,62479.4372818896,0,0
2007,"Western Gulf of Alaska",320,"Pacific sleeper shark",0,0,0,0,0,0
2007,"Western Gulf of Alaska",351,"Blue shark",0,0,0,0,0,0
2008,"Central Gulf of Alaska",222,"Sixgill shark",0,0,0,0,0,0
2008,"Central Gulf of Alaska",232,"Salmon shark",0,0,0,0,0,0
2008,"Central Gulf of Alaska",310,"Spiny dogfish",0.0173065012531316,4.25123900387133e-05,331.351563200698,15583.8590978439,0,0
2008,"Central Gulf of Alaska",320,"Pacific sleeper shark",0,0,0,0,0,0
2008,"Central Gulf of Alaska",351,"Blue shark",0,0,0,0,0,0
2009,"Eastern Gulf of Alaska",150,"shark unident.",0,0,0,0,0,0
2009,"Eastern Gulf of Alaska",222,"Sixgill shark",0,0,0,0,0,0
2009,"Eastern Gulf of Alaska",232,"Salmon shark",0,0,0,0,0,0
2009,"Eastern Gulf of Alaska",310,"Spiny dogfish",0.857437000224545,0.0482357732861517,22369.8456897868,32831504.2378906,0,0
2009,"Eastern Gulf of Alaska",320,"Pacific sleeper shark",0.00023621349966113,2.78415444383588e-08,12.2500320924262,74.8787089685707,0,0
2009,"Eastern Gulf of Alaska",351,"Blue shark",0,0,0,0,0,0
2006,"Eastern Gulf of Alaska",150,"shark unident.",0,0,0,0,0,0
2006,"Eastern Gulf of Alaska",222,"Sixgill shark",0,0,0,0,0,0
2006,"Eastern Gulf of Alaska",232,"Salmon shark",0,0,0,0,0,0
2006,"Eastern Gulf of Alaska",310,"Spiny dogfish",1.26990046811908,0.161173099098197,31008.7345913278,96099533.1553022,0,0
2006,"Eastern Gulf of Alaska",320,"Pacific sleeper shark",0.000338377149374592,2.50268702011951e-08,10.0935965427804,22.2687771375505,0,0
2006,"Eastern Gulf of Alaska",351,"Blue shark",8.14048526640119e-05,0,4.22165565915566,0,0,0
2004,"Western Gulf of Alaska",150,"shark unident.",0,0,0,0,0,0
2004,"Western Gulf of Alaska",222,"Sixgill shark",0,0,0,0,0,0
2004,"Western Gulf of Alaska",232,"Salmon shark",0,0,0,0,0,0
2004,"Western Gulf of Alaska",310,"Spiny dogfish",0.0134237631661529,2.16837783271889e-05,153.863173410445,2848.75937288867,0,0
2004,"Western Gulf of Alaska",320,"Pacific sleeper shark",0,0,0,0,0,0
2004,"Western Gulf of Alaska",351,"Blue shark",0,0,0,0,0,0
2008,"Eastern Gulf of Alaska",150,"shark unident.",0,0,0,0,0,0
2008,"Eastern Gulf of Alaska",222,"Sixgill shark",0,0,0,0,0,0
2008,"Eastern Gulf of Alaska",232,"Salmon shark",0,0,0,0,0,0
2008,"Eastern Gulf of Alaska",310,"Spiny dogfish",1.70989555386919,0.377497884950036,42428.0453606563,232424232.537142,0,0
2008,"Eastern Gulf of Alaska",320,"Pacific sleeper shark",0.000164307585516484,2.0784664971143e-08,13.0263053797468,130.63823718096,0,0
2008,"Eastern Gulf of Alaska",351,"Blue shark",0,0,0,0,0,0
2005,"Eastern Gulf of Alaska",150,"shark unident.",0,0,0,0,0,0
2005,"Eastern Gulf of Alaska",222,"Sixgill shark",0,0,0,0,0,0
2005,"Eastern Gulf of Alaska",232,"Salmon shark",0,0,0,0,0,0
2005,"Eastern Gulf of Alaska",310,"Spiny dogfish",0.410414115601034,0.0179988518188347,10357.8357341307,11464055.0105662,0,0
2005,"Eastern Gulf of Alaska",320,"Pacific sleeper shark",0.000679035499213524,1.80627669177935e-07,11.292105977646,49.9515777248549,0,0
2005,"Eastern Gulf of Alaska",351,"Blue shark",0,0,0,0,0,0
2006,"Western Gulf of Alaska",150,"shark unident.",0,0,0,0,0,0
2006,"Western Gulf of Alaska",222,"Sixgill shark",0,0,0,0,0,0
2006,"Western Gulf of Alaska",232,"Salmon shark",0,0,0,0,0,0
2006,"Western Gulf of Alaska",310,"Spiny dogfish",0.0503985920400347,0.000271833101328404,577.668661962878,35712.7380471187,0,0
2006,"Western Gulf of Alaska",320,"Pacific sleeper shark",0,0,0,0,0,0
2006,"Western Gulf of Alaska",351,"Blue shark",0,0,0,0,0,0
2005,"Aleutians",150,"shark unident.",NA,NA,0,0,0,0
2005,"Aleutians",222,"Sixgill shark",NA,NA,0,0,0,0
2005,"Aleutians",232,"Salmon shark",NA,NA,0,0,0,0
2005,"Aleutians",310,"Spiny dogfish",0.000226386831292266,3.27152388298844e-08,8.02274033442704,41.0859416986739,0,0
2005,"Aleutians",320,"Pacific sleeper shark",0,0,0,0,0,0
2005,"Aleutians",351,"Blue shark",NA,NA,0,0,0,0
2008,"Western Gulf of Alaska",150,"shark unident.",0,0,0,0,0,0
2008,"Western Gulf of Alaska",222,"Sixgill shark",0,0,0,0,0,0
2008,"Western Gulf of Alaska",232,"Salmon shark",0,0,0,0,0,0
2008,"Western Gulf of Alaska",310,"Spiny dogfish",0.0356934975228689,0.000463461835147149,409.118868607123,60888.4312931818,0,0
2008,"Western Gulf of Alaska",320,"Pacific sleeper shark",0,0,0,0,0,0
2008,"Western Gulf of Alaska",351,"Blue shark",0,0,0,0,0,0
2007,"Aleutians",150,"shark unident.",NA,NA,0,0,0,0
2007,"Aleutians",222,"Sixgill shark",NA,NA,0,0,0,0
2007,"Aleutians",232,"Salmon shark",NA,NA,0,0,0,0
2007,"Aleutians",310,"Spiny dogfish",0.000442534325817253,1.25009120481645e-07,18.5376170125957,219.359064026855,0,0
2007,"Aleutians",320,"Pacific sleeper shark",0,0,0,0,0,0
2007,"Aleutians",351,"Blue shark",0,0,0,0,0,0
2005,"Western Gulf of Alaska",150,"shark unident.",0,0,0,0,0,0
2005,"Western Gulf of Alaska",222,"Sixgill shark",0,0,0,0,0,0
2005,"Western Gulf of Alaska",232,"Salmon shark",0,0,0,0,0,0
2005,"Western Gulf of Alaska",310,"Spiny dogfish",0.033378646202645,0.000149997034568577,382.586042774717,19706.2270091993,0,0
2005,"Western Gulf of Alaska",320,"Pacific sleeper shark",0,0,0,0,0,0
2005,"Western Gulf of Alaska",351,"Blue shark",0,0,0,0,0,0
2005,"Bering Sea",150,"shark unident.",0,0,0,0,0,0
2005,"Bering Sea",222,"Sixgill shark",0,0,0,0,0,0
2005,"Bering Sea",232,"Salmon shark",0,0,0,0,0,0
2005,"Bering Sea",310,"Spiny dogfish",0.00262438080599123,3.93363381038118e-06,72.7886178861789,3025.98777182894,0,0
2005,"Bering Sea",320,"Pacific sleeper shark",0.00145910110642713,1.15945130750368e-06,43.4203694628223,1026.75959539568,0,0
2005,"Bering Sea",351,"Blue shark",0,0,0,0,0,0
2009,"Aleutians",150,"shark unident.",NA,NA,0,0,0,0
2007,"Bering Sea",150,"shark unident.",0,0,0,0,0,0
2007,"Bering Sea",222,"Sixgill shark",0,0,0,0,0,0
2015,"Central Gulf of Alaska",150,"shark unident.",0,0,0,0,0,0
2015,"Central Gulf of Alaska",222,"Sixgill shark",0,0,0,0,0,0
2015,"Central Gulf of Alaska",232,"Salmon shark",0,0,0,0,0,0
2015,"Central Gulf of Alaska",310,"Spiny dogfish",0.00518400777627626,1.96858938434464e-05,108.691205589094,8653.91573410729,113.286580808873,8278.36152441545
2015,"Central Gulf of Alaska",320,"Pacific sleeper shark",0,0,0,0,0,0
2015,"Central Gulf of Alaska",351,"Blue shark",0.000151136528345782,0,3.23039215686275,0,0,0
2019,"Aleutians",150,"shark unident.",NA,NA,0,0,0,0
2019,"Aleutians",222,"Sixgill shark",NA,NA,0,0,0,0
2019,"Aleutians",232,"Salmon shark",NA,NA,0,0,0,0
2019,"Aleutians",310,"Spiny dogfish",0.000283403022523513,5.12692222258066e-08,17.6560000923818,198.990534453686,19.8874632827365,252.468125344639
2019,"Aleutians",320,"Pacific sleeper shark",0,0,0,0,0,0
2019,"Aleutians",351,"Blue shark",0,0,0,0,0,0
2016,"Aleutians",150,"shark unident.",0,0,0,0,0,0
2016,"Aleutians",222,"Sixgill shark",0,0,0,0,0,0
2016,"Aleutians",232,"Salmon shark",0,0,0,0,0,0
2016,"Aleutians",310,"Spiny dogfish",0,0,0,0,0,0
2016,"Aleutians",320,"Pacific sleeper shark",0,0,0,0,0,0
2016,"Aleutians",351,"Blue shark",0,0,0,0,0,0
2019,"Bering Sea",150,"shark unident.",0,0,0,0,0,0
2019,"Bering Sea",222,"Sixgill shark",0,0,0,0,0,0
2019,"Bering Sea",232,"Salmon shark",0,0,0,0,0,0
2019,"Bering Sea",310,"Spiny dogfish",0,0,0,0,0,0
2019,"Bering Sea",320,"Pacific sleeper shark",0.0032340859473475,4.74982364758971e-06,105.719568408066,5075.57364604763,0,0
2019,"Bering Sea",351,"Blue shark",0,0,0,0,0,0
2017,"Central Gulf of Alaska",150,"shark unident.",0,0,0,0,0,0
2017,"Central Gulf of Alaska",222,"Sixgill shark",0,0,0,0,0,0
2017,"Central Gulf of Alaska",232,"Salmon shark",0,0,0,0,0,0
2017,"Central Gulf of Alaska",310,"Spiny dogfish",0.00211298954046286,2.62761101630787e-06,43.0222090439992,1089.31075571112,112.011346107343,7293.33811284519
2017,"Central Gulf of Alaska",320,"Pacific sleeper shark",0,0,0,0,0,0
2017,"Central Gulf of Alaska",351,"Blue shark",0,0,0,0,0,0
2018,"Aleutians",150,"shark unident.",0,0,0,0,0,0
2018,"Aleutians",222,"Sixgill shark",0,0,0,0,0,0
2018,"Aleutians",232,"Salmon shark",0,0,0,0,0,0
2018,"Aleutians",310,"Spiny dogfish",0.000211226448094883,3.73552628379288e-08,9.33409674131289,72.9457173738688,21.8543783445168,399.882242458401
2018,"Aleutians",320,"Pacific sleeper shark",0,0,0,0,0,0
2018,"Aleutians",351,"Blue shark",0,0,0,0,0,0
2016,"Bering Sea",150,"shark unident.",NA,NA,0,0,0,0
2016,"Bering Sea",222,"Sixgill shark",NA,NA,0,0,0,0
2016,"Bering Sea",232,"Salmon shark",NA,NA,0,0,0,0
2016,"Bering Sea",310,"Spiny dogfish",0,0,0,0,0,0
2016,"Bering Sea",320,"Pacific sleeper shark",0,0,0,0,0,0
2016,"Bering Sea",351,"Blue shark",0,0,0,0,0,0
2019,"Central Gulf of Alaska",150,"shark unident.",0,0,0,0,0,0
2019,"Central Gulf of Alaska",222,"Sixgill shark",0,0,0,0,0,0
2019,"Central Gulf of Alaska",232,"Salmon shark",0,0,0,0,0,0
2019,"Central Gulf of Alaska",310,"Spiny dogfish",0.00040956467648197,8.7341273086252e-08,7.47045969903113,29.0582319367406,43.1639439344724,970.10059514631
2019,"Central Gulf of Alaska",320,"Pacific sleeper shark",0,0,0,0,0,0
2019,"Central Gulf of Alaska",351,"Blue shark",0,0,0,0,0,0
2017,"Eastern Gulf of Alaska",150,"shark unident.",0,0,0,0,0,0
2017,"Eastern Gulf of Alaska",222,"Sixgill shark",0,0,0,0,0,0
2017,"Eastern Gulf of Alaska",232,"Salmon shark",0,0,0,0,0,0
2017,"Eastern Gulf of Alaska",310,"Spiny dogfish",0.963617203551354,0.269136857205891,28025.1619682571,227646170.732521,31484.2793344654,71735440.0134893
2017,"Eastern Gulf of Alaska",320,"Pacific sleeper shark",0.0001681265629205,1.65937087077145e-08,7.91985831461957,36.8218510762922,0,0
2018,"Bering Sea",150,"shark unident.",NA,NA,0,0,0,0
2018,"Bering Sea",222,"Sixgill shark",NA,NA,0,0,0,0
2018,"Bering Sea",232,"Salmon shark",NA,NA,0,0,0,0
2018,"Bering Sea",310,"Spiny dogfish",0,0,0,0,0,0
2018,"Bering Sea",320,"Pacific sleeper shark",0,0,0,0,0,0
2018,"Bering Sea",351,"Blue shark",0,0,0,0,0,0
2016,"Central Gulf of Alaska",150,"shark unident.",0,0,0,0,0,0
2016,"Central Gulf of Alaska",222,"Sixgill shark",0,0,0,0,0,0
2016,"Central Gulf of Alaska",232,"Salmon shark",0,0,0,0,0,0
2016,"Central Gulf of Alaska",310,"Spiny dogfish",0.000522476812694862,2.72982019803782e-07,9.52997706355428,90.8204628318706,31.2582168206892,977.076118809216
2016,"Central Gulf of Alaska",320,"Pacific sleeper shark",0,0,0,0,0,0
2016,"Central Gulf of Alaska",351,"Blue shark",0,0,0,0,0,0
2017,"Eastern Gulf of Alaska",351,"Blue shark",8.68107058451254e-05,0,4.50200320512821,0,0,0
2017,"Western Gulf of Alaska",150,"shark unident.",0,0,0,0,0,0
2017,"Western Gulf of Alaska",222,"Sixgill shark",0,0,0,0,0,0
2017,"Western Gulf of Alaska",232,"Salmon shark",0,0,0,0,0,0
2017,"Western Gulf of Alaska",310,"Spiny dogfish",0.00485851894572013,9.1848100237959e-06,55.6883441558442,1206.67686455188,226.149201851819,19899.9733760677
2017,"Western Gulf of Alaska",320,"Pacific sleeper shark",0.0033296011942845,1.10862441129807e-05,38.1638888888889,1456.48241512346,0,0
2017,"Western Gulf of Alaska",351,"Blue shark",0,0,0,0,0,0
2018,"Central Gulf of Alaska",150,"shark unident.",0,0,0,0,0,0
2018,"Central Gulf of Alaska",222,"Sixgill shark",0,0,0,0,0,0
2018,"Central Gulf of Alaska",232,"Salmon shark",0,0,0,0,0,0
2018,"Central Gulf of Alaska",310,"Spiny dogfish",0.00172387135474707,1.17499807250388e-06,34.3849715501889,467.481885064659,128.528265848804,7191.15909754719
2018,"Central Gulf of Alaska",320,"Pacific sleeper shark",0,0,0,0,0,0
2018,"Central Gulf of Alaska",351,"Blue shark",0,0,0,0,0,0
2019,"Eastern Gulf of Alaska",150,"shark unident.",0,0,0,0,0,0
2019,"Eastern Gulf of Alaska",222,"Sixgill shark",0,0,0,0,0,0
2019,"Eastern Gulf of Alaska",232,"Salmon shark",0,0,0,0,0,0
2019,"Eastern Gulf of Alaska",310,"Spiny dogfish",0.647565048311179,0.0652998525829971,30881.9177006499,148509393.051426,40401.1852314747,319066385.253518
2019,"Eastern Gulf of Alaska",320,"Pacific sleeper shark",0.000155315599325444,1.22911468252979e-08,4.84679555084746,11.9693799718842,0,0
2019,"Eastern Gulf of Alaska",351,"Blue shark",0,0,0,0,0,0
2016,"Eastern Gulf of Alaska",150,"shark unident.",0,0,0,0,0,0
2016,"Eastern Gulf of Alaska",222,"Sixgill shark",0,0,0,0,0,0
2016,"Eastern Gulf of Alaska",232,"Salmon shark",0,0,0,0,0,0
2016,"Eastern Gulf of Alaska",310,"Spiny dogfish",0.212262618238365,0.00596714672767229,5824.16037716449,4492481.87902248,11890.5408428766,18242032.3243986
2016,"Eastern Gulf of Alaska",320,"Pacific sleeper shark",0,0,0,0,0,0
2016,"Eastern Gulf of Alaska",351,"Blue shark",0,0,0,0,0,0
2014,"Western Gulf of Alaska",150,"shark unident.",0,0,0,0,0,0
2014,"Western Gulf of Alaska",222,"Sixgill shark",0,0,0,0,0,0
2014,"Western Gulf of Alaska",232,"Salmon shark",0,0,0,0,0,0
2014,"Western Gulf of Alaska",310,"Spiny dogfish",0.0128363419388098,7.01593065428518e-05,126.39945907146,6802.88553547091,376.395228800022,60324.1140259878
2014,"Western Gulf of Alaska",320,"Pacific sleeper shark",0.00321459517249868,1.03336221230518e-05,31.6541186635945,1001.98322836892,0,0
2014,"Western Gulf of Alaska",351,"Blue shark",0,0,0,0,0,0
2018,"Eastern Gulf of Alaska",150,"shark unident.",0,0,0,0,0,0
2018,"Eastern Gulf of Alaska",222,"Sixgill shark",0,0,0,0,0,0
2018,"Eastern Gulf of Alaska",232,"Salmon shark",0,0,0,0,0,0
2018,"Eastern Gulf of Alaska",310,"Spiny dogfish",0.480465790657791,0.0593303816801113,16262.0505306312,67967737.317953,44244.1049331722,566378705.449262
2018,"Eastern Gulf of Alaska",320,"Pacific sleeper shark",2.74837037803467e-05,7.55353973485844e-10,1.42530487804878,2.03149399538965,0,0
2018,"Eastern Gulf of Alaska",351,"Blue shark",0.000125974812028611,0,6.53305375180375,0,0,0
2016,"Western Gulf of Alaska",150,"shark unident.",0,0,0,0,0,0
2016,"Western Gulf of Alaska",222,"Sixgill shark",0,0,0,0,0,0
2016,"Western Gulf of Alaska",232,"Salmon shark",0,0,0,0,0,0
2016,"Western Gulf of Alaska",310,"Spiny dogfish",0.0036396145441251,8.93455966484104e-06,41.7172619047619,1173.79961203231,93.6353401398868,5913.46396413863
2016,"Western Gulf of Alaska",320,"Pacific sleeper shark",0,0,0,0,0,0
2016,"Western Gulf of Alaska",351,"Blue shark",0,0,0,0,0,0
2015,"Eastern Gulf of Alaska",150,"shark unident.",0,0,0,0,0,0
2015,"Eastern Gulf of Alaska",222,"Sixgill shark",0,0,0,0,0,0
2015,"Eastern Gulf of Alaska",232,"Salmon shark",0,0,0,0,0,0
2015,"Eastern Gulf of Alaska",310,"Spiny dogfish",0.132933775821096,0.00910785834756631,6291.60799093754,20401819.3230673,18097.2134735691,195886600.314237
2015,"Eastern Gulf of Alaska",320,"Pacific sleeper shark",2.98964720950089e-05,8.93799043727648e-10,2.37019230769231,5.61781157544379,0,0
2015,"Eastern Gulf of Alaska",351,"Blue shark",0.000281380726456484,0,6.01704545454546,0,0,0
2015,"Aleutians",150,"shark unident.",NA,NA,0,0,0,0
2015,"Aleutians",222,"Sixgill shark",NA,NA,0,0,0,0
2015,"Aleutians",232,"Salmon shark",NA,NA,0,0,0,0
2015,"Aleutians",310,"Spiny dogfish",6.23750192143468e-05,2.48352855879367e-09,2.14489964936342,2.93671451688127,4.5835236384126,13.4105541629126
2015,"Aleutians",320,"Pacific sleeper shark",0,0,0,0,0,0
2015,"Aleutians",351,"Blue shark",0,0,0,0,0,0
2018,"Western Gulf of Alaska",150,"shark unident.",0,0,0,0,0,0
2018,"Western Gulf of Alaska",222,"Sixgill shark",0,0,0,0,0,0
2018,"Western Gulf of Alaska",232,"Salmon shark",0,0,0,0,0,0
2018,"Western Gulf of Alaska",310,"Spiny dogfish",0.00293848696204425,3.82053257287112e-06,33.6809375589511,501.931804142552,71.7535088808001,2278.04688411741
2018,"Western Gulf of Alaska",320,"Pacific sleeper shark",0,0,0,0,0,0
2018,"Western Gulf of Alaska",351,"Blue shark",0,0,0,0,0,0
2015,"Western Gulf of Alaska",150,"shark unident.",0,0,0,0,0,0
2015,"Western Gulf of Alaska",222,"Sixgill shark",0,0,0,0,0,0
2015,"Western Gulf of Alaska",232,"Salmon shark",0,0,0,0,0,0
2015,"Western Gulf of Alaska",310,"Spiny dogfish",0.00156091032782425,1.09895754213828e-06,17.8911541775216,144.37823295065,69.8004691251262,2197.56479275801
2017,"Aleutians",150,"shark unident.",NA,NA,0,0,0,0
2017,"Aleutians",222,"Sixgill shark",NA,NA,0,0,0,0
2017,"Aleutians",232,"Salmon shark",NA,NA,0,0,0,0
2017,"Aleutians",310,"Spiny dogfish",0,0,0,0,0,0
2017,"Aleutians",320,"Pacific sleeper shark",NA,NA,0,0,0,0
2017,"Aleutians",351,"Blue shark",NA,NA,0,0,0,0
2015,"Western Gulf of Alaska",320,"Pacific sleeper shark",0,0,0,0,0,0
2015,"Western Gulf of Alaska",351,"Blue shark",0,0,0,0,0,0
2015,"Bering Sea",150,"shark unident.",0,0,0,0,0,0
2015,"Bering Sea",222,"Sixgill shark",0,0,0,0,0,0
2015,"Bering Sea",232,"Salmon shark",0,0,0,0,0,0
2015,"Bering Sea",310,"Spiny dogfish",0,0,0,0,0,0
2015,"Bering Sea",320,"Pacific sleeper shark",0.00179003519175792,2.5997552095134e-06,88.720223325062,6386.37728243201,0,0
2015,"Bering Sea",351,"Blue shark",0,0,0,0,0,0
2017,"Bering Sea",150,"shark unident.",0,0,0,0,0,0
2017,"Bering Sea",222,"Sixgill shark",0,0,0,0,0,0
2017,"Bering Sea",232,"Salmon shark",0,0,0,0,0,0
2017,"Bering Sea",310,"Spiny dogfish",0,0,0,0,0,0
2017,"Bering Sea",320,"Pacific sleeper shark",0,0,0,0,0,0
2017,"Bering Sea",351,"Blue shark",0,0,0,0,0,0
